date,value
1945-10-01,0.0
1946-10-01,0.0
1947-10-01,0.0
1948-10-01,0.0
1949-10-01,0.0
1950-10-01,0.0
1951-10-01,0.0
1952-01-01,0.0
1952-04-01,0.0
1952-07-01,0.0
1952-10-01,0.0
1953-01-01,0.0
1953-04-01,0.0
1953-07-01,0.0
1953-10-01,0.0
1954-01-01,0.0
1954-04-01,0.0
1954-07-01,0.0
1954-10-01,0.0
1955-01-01,0.0
1955-04-01,0.0
1955-07-01,0.0
1955-10-01,0.0
1956-01-01,0.0
1956-04-01,0.0
1956-07-01,0.0
1956-10-01,0.0
1957-01-01,0.0
1957-04-01,0.0
1957-07-01,0.0
1957-10-01,0.0
1958-01-01,0.0
1958-04-01,0.0
1958-07-01,0.0
1958-10-01,0.0
1959-01-01,0.0
1959-04-01,0.0
1959-07-01,0.0
1959-10-01,0.0
1960-01-01,0.0
1960-04-01,0.0
1960-07-01,0.0
1960-10-01,0.0
1961-01-01,0.0
1961-04-01,0.0
1961-07-01,0.0
1961-10-01,0.0
1962-01-01,0.0
1962-04-01,0.0
1962-07-01,0.0
1962-10-01,0.0
1963-01-01,0.0
1963-04-01,0.0
1963-07-01,0.0
1963-10-01,0.0
1964-01-01,0.0
1964-04-01,0.0
1964-07-01,0.0
1964-10-01,0.0
1965-01-01,0.0
1965-04-01,0.0
1965-07-01,0.0
1965-10-01,0.0
1966-01-01,0.0
1966-04-01,0.0
1966-07-01,0.0
1966-10-01,0.0
1967-01-01,0.0
1967-04-01,0.0
1967-07-01,0.0
1967-10-01,0.0
1968-01-01,0.0
1968-04-01,0.0
1968-07-01,0.0
1968-10-01,0.0
1969-01-01,0.0
1969-04-01,0.0
1969-07-01,0.0
1969-10-01,0.0
1970-01-01,0.0
1970-04-01,0.0
1970-07-01,0.0
1970-10-01,0.0
1971-01-01,0.0
1971-04-01,0.0
1971-07-01,0.0
1971-10-01,0.0
1972-01-01,0.0
1972-04-01,0.0
1972-07-01,0.0
1972-10-01,0.0
1973-01-01,0.0
1973-04-01,0.0
1973-07-01,0.0
1973-10-01,0.0
1974-01-01,0.0
1974-04-01,0.0
1974-07-01,0.0
1974-10-01,0.0
1975-01-01,0.0
1975-04-01,0.0
1975-07-01,0.0
1975-10-01,0.0
1976-01-01,0.0
1976-04-01,0.0
1976-07-01,0.0
1976-10-01,0.0
1977-01-01,0.0
1977-04-01,0.0
1977-07-01,0.0
1977-10-01,0.0
1978-01-01,0.0
1978-04-01,0.0
1978-07-01,0.0
1978-10-01,0.0
1979-01-01,0.0
1979-04-01,0.0
1979-07-01,0.0
1979-10-01,0.0
1980-01-01,0.0
1980-04-01,0.0
1980-07-01,0.0
1980-10-01,0.0
1981-01-01,0.0
1981-04-01,0.0
1981-07-01,0.0
1981-10-01,0.0
1982-01-01,0.0
1982-04-01,0.0
1982-07-01,0.0
1982-10-01,0.0
1983-01-01,0.0
1983-04-01,220.0
1983-07-01,2229.0
1983-10-01,3655.0
1984-01-01,5630.0
1984-04-01,7600.0
1984-07-01,9570.0
1984-10-01,21339.0
1985-01-01,25928.0
1985-04-01,29733.0
1985-07-01,33294.0
1985-10-01,37174.0
1986-01-01,45700.0
1986-04-01,53248.0
1986-07-01,59631.0
1986-10-01,74753.0
1987-01-01,93231.0
1987-04-01,104186.0
1987-07-01,116106.0
1987-10-01,118339.0
1988-01-01,130411.0
1988-04-01,139000.0
1988-07-01,145804.0
1988-10-01,154412.0
1989-01-01,194169.0
1989-04-01,195175.0
1989-07-01,196980.0
1989-10-01,209855.0
1990-01-01,220160.0
1990-04-01,235264.0
1990-07-01,248676.0
1990-10-01,267731.0
1991-01-01,278427.0
1991-04-01,291953.0
1991-07-01,308848.0
1991-10-01,320998.0
1992-01-01,337218.0
1992-04-01,349834.0
1992-07-01,365897.0
1992-10-01,383708.0
1993-01-01,399289.0
1993-04-01,415042.0
1993-07-01,436134.0
1993-10-01,466191.0
1994-01-01,490525.0
1994-04-01,502621.0
1994-07-01,519538.0
1994-10-01,536135.0
1995-01-01,550205.0
1995-04-01,575986.0
1995-07-01,616432.0
1995-10-01,662899.0
1996-01-01,689635.0
1996-04-01,721017.0
1996-07-01,740897.0
1996-10-01,772264.0
1997-01-01,778289.0
1997-04-01,794741.0
1997-07-01,835118.0
1997-10-01,907588.0
1998-01-01,952874.0
1998-04-01,1028751.0
1998-07-01,1087891.0
1998-10-01,1164690.0
1999-01-01,1214111.0
1999-04-01,1272383.0
1999-07-01,1319097.0
1999-10-01,1324761.0
2000-01-01,1352886.0
2000-04-01,1381132.0
2000-07-01,1420307.0
2000-10-01,1508470.0
2001-01-01,1520923.0
2001-04-01,1571779.0
2001-07-01,1644423.0
2001-10-01,1751989.0
2002-01-01,1802414.0
2002-04-01,1864240.0
2002-07-01,1912446.0
2002-10-01,2009059.0
2003-01-01,2092392.0
2003-04-01,2152587.0
2003-07-01,2198267.0
2003-10-01,2259581.0
2004-01-01,2350913.0
2004-04-01,2469929.0
2004-07-01,2598515.0
2004-10-01,2736571.0
2005-01-01,2909677.0
2005-04-01,3096402.0
2005-07-01,3277728.0
2005-10-01,3498190.0
2006-01-01,3678031.0
2006-04-01,3852756.0
2006-07-01,4038123.0
2006-10-01,4274202.0
2007-01-01,4439147.0
2007-04-01,4598574.0
2007-07-01,4663270.0
2007-10-01,4638589.0
2008-01-01,4583342.0
2008-04-01,4488471.0
2008-07-01,4373220.0
2008-10-01,4228987.0
2009-01-01,4031797.0
2009-04-01,3838492.0
2009-07-01,3637727.0
2009-10-01,3396623.0
2010-01-01,2717699.0
2010-04-01,2581093.0
2010-07-01,2472937.0
2010-10-01,2347580.0
2011-01-01,2261705.0
2011-04-01,2199889.0
2011-07-01,2122575.0
2011-10-01,2071969.0
2012-01-01,2012518.0
2012-04-01,1945568.0
2012-07-01,1884737.0
2012-10-01,1829565.0
2013-01-01,1810895.0
2013-04-01,1611739.0
2013-07-01,1555877.0
2013-10-01,1509763.0
2014-01-01,1458734.0
2014-04-01,1436695.0
2014-07-01,1443509.0
2014-10-01,1450683.0
2015-01-01,1440164.0
2015-04-01,1428168.0
2015-07-01,1385750.0
2015-10-01,1369303.0
2016-01-01,1342187.0
2016-04-01,1302501.0
2016-07-01,1261009.0
2016-10-01,1230016.0
2017-01-01,1189144.0
2017-04-01,1180261.0
2017-07-01,1169100.0
2017-10-01,1161168.0
2018-01-01,1137117.0
2018-04-01,1140852.0
2018-07-01,1139346.0
2018-10-01,1145857.0
2019-01-01,1153431.0
2019-04-01,1155124.0
2019-07-01,1188571.0
2019-10-01,1200977.0
2020-01-01,1271368.0
2020-04-01,1251050.0
2020-07-01,1245616.0
2020-10-01,1246847.0
2021-01-01,1249880.0
2021-04-01,1274887.0
2021-07-01,1329673.0
2021-10-01,1410214.0
2022-01-01,1445839.0
2022-04-01,1472112.0
2022-07-01,1496999.0
2022-10-01,1498249.0
2023-01-01,1518099.0
2023-04-01,1515602.0
2023-07-01,1524452.0
2023-10-01,1532512.0
2024-01-01,1545623.0
2024-04-01,1549176.0
2024-07-01,1638928.0
2024-10-01,1680262.0
2025-01-01,1725883.0
2025-04-01,1782745.0
2025-07-01,1865408.0
2025-10-01,1910428.0
2026-01-01,1939946.0
2026-04-01,2008650.0
