date,value
1971-01-08,-1.019
1971-01-15,-1.036
1971-01-22,-1.053
1971-01-29,-1.067
1971-02-05,-1.079
1971-02-12,-1.088
1971-02-19,-1.093
1971-02-26,-1.095
1971-03-05,-1.092
1971-03-12,-1.084
1971-03-19,-1.071
1971-03-26,-1.053
1971-04-02,-1.03
1971-04-09,-1.003
1971-04-16,-0.971
1971-04-23,-0.936
1971-04-30,-0.897
1971-05-07,-0.856
1971-05-14,-0.813
1971-05-21,-0.768
1971-05-28,-0.722
1971-06-04,-0.677
1971-06-11,-0.631
1971-06-18,-0.586
1971-06-25,-0.542
1971-07-02,-0.499
1971-07-09,-0.458
1971-07-16,-0.419
1971-07-23,-0.383
1971-07-30,-0.351
1971-08-06,-0.321
1971-08-13,-0.295
1971-08-20,-0.274
1971-08-27,-0.256
1971-09-03,-0.243
1971-09-10,-0.234
1971-09-17,-0.231
1971-09-24,-0.232
1971-10-01,-0.238
1971-10-08,-0.249
1971-10-15,-0.265
1971-10-22,-0.285
1971-10-29,-0.311
1971-11-05,-0.339
1971-11-12,-0.372
1971-11-19,-0.407
1971-11-26,-0.443
1971-12-03,-0.481
1971-12-10,-0.517
1971-12-17,-0.553
1971-12-24,-0.586
1971-12-31,-0.617
1972-01-07,-0.643
1972-01-14,-0.665
1972-01-21,-0.683
1972-01-28,-0.695
1972-02-04,-0.702
1972-02-11,-0.704
1972-02-18,-0.7
1972-02-25,-0.691
1972-03-03,-0.676
1972-03-10,-0.656
1972-03-17,-0.63
1972-03-24,-0.601
1972-03-31,-0.567
1972-04-07,-0.529
1972-04-14,-0.489
1972-04-21,-0.446
1972-04-28,-0.4
1972-05-05,-0.354
1972-05-12,-0.306
1972-05-19,-0.258
1972-05-26,-0.21
1972-06-02,-0.162
1972-06-09,-0.114
1972-06-16,-0.067
1972-06-23,-0.021
1972-06-30,0.024
1972-07-07,0.068
1972-07-14,0.111
1972-07-21,0.152
1972-07-28,0.193
1972-08-04,0.233
1972-08-11,0.271
1972-08-18,0.309
1972-08-25,0.347
1972-09-01,0.383
1972-09-08,0.42
1972-09-15,0.456
1972-09-22,0.493
1972-09-29,0.53
1972-10-06,0.567
1972-10-13,0.605
1972-10-20,0.645
1972-10-27,0.687
1972-11-03,0.731
1972-11-10,0.777
1972-11-17,0.827
1972-11-24,0.88
1972-12-01,0.936
1972-12-08,0.997
1972-12-15,1.061
1972-12-22,1.129
1972-12-29,1.2
1973-01-05,1.275
1973-01-12,1.353
1973-01-19,1.434
1973-01-26,1.516
1973-02-02,1.599
1973-02-09,1.682
1973-02-16,1.765
1973-02-23,1.847
1973-03-02,1.928
1973-03-09,2.006
1973-03-16,2.081
1973-03-23,2.153
1973-03-30,2.222
1973-04-06,2.286
1973-04-13,2.346
1973-04-20,2.401
1973-04-27,2.452
1973-05-04,2.496
1973-05-11,2.535
1973-05-18,2.568
1973-05-25,2.596
1973-06-01,2.618
1973-06-08,2.635
1973-06-15,2.647
1973-06-22,2.656
1973-06-29,2.661
1973-07-06,2.664
1973-07-13,2.665
1973-07-20,2.665
1973-07-27,2.664
1973-08-03,2.662
1973-08-10,2.661
1973-08-17,2.66
1973-08-24,2.659
1973-08-31,2.659
1973-09-07,2.66
1973-09-14,2.663
1973-09-21,2.667
1973-09-28,2.674
1973-10-05,2.682
1973-10-12,2.692
1973-10-19,2.705
1973-10-26,2.719
1973-11-02,2.734
1973-11-09,2.75
1973-11-16,2.766
1973-11-23,2.782
1973-11-30,2.798
1973-12-07,2.814
1973-12-14,2.828
1973-12-21,2.842
1973-12-28,2.856
1974-01-04,2.869
1974-01-11,2.883
1974-01-18,2.897
1974-01-25,2.911
1974-02-01,2.927
1974-02-08,2.943
1974-02-15,2.961
1974-02-22,2.979
1974-03-01,2.998
1974-03-08,3.017
1974-03-15,3.037
1974-03-22,3.057
1974-03-29,3.076
1974-04-05,3.095
1974-04-12,3.113
1974-04-19,3.13
1974-04-26,3.146
1974-05-03,3.16
1974-05-10,3.172
1974-05-17,3.182
1974-05-24,3.191
1974-05-31,3.197
1974-06-07,3.201
1974-06-14,3.203
1974-06-21,3.202
1974-06-28,3.198
1974-07-05,3.19
1974-07-12,3.179
1974-07-19,3.163
1974-07-26,3.141
1974-08-02,3.114
1974-08-09,3.081
1974-08-16,3.041
1974-08-23,2.995
1974-08-30,2.943
1974-09-06,2.884
1974-09-13,2.819
1974-09-20,2.748
1974-09-27,2.672
1974-10-04,2.591
1974-10-11,2.507
1974-10-18,2.42
1974-10-25,2.33
1974-11-01,2.238
1974-11-08,2.145
1974-11-15,2.05
1974-11-22,1.953
1974-11-29,1.855
1974-12-06,1.755
1974-12-13,1.652
1974-12-20,1.549
1974-12-27,1.443
1975-01-03,1.336
1975-01-10,1.228
1975-01-17,1.119
1975-01-24,1.01
1975-01-31,0.901
1975-02-07,0.792
1975-02-14,0.683
1975-02-21,0.575
1975-02-28,0.467
1975-03-07,0.361
1975-03-14,0.255
1975-03-21,0.151
1975-03-28,0.049
1975-04-04,-0.051
1975-04-11,-0.147
1975-04-18,-0.24
1975-04-25,-0.329
1975-05-02,-0.413
1975-05-09,-0.492
1975-05-16,-0.566
1975-05-23,-0.634
1975-05-30,-0.697
1975-06-06,-0.753
1975-06-13,-0.804
1975-06-20,-0.85
1975-06-27,-0.89
1975-07-04,-0.924
1975-07-11,-0.954
1975-07-18,-0.98
1975-07-25,-1.002
1975-08-01,-1.02
1975-08-08,-1.037
1975-08-15,-1.051
1975-08-22,-1.065
1975-08-29,-1.078
1975-09-05,-1.092
1975-09-12,-1.105
1975-09-19,-1.12
1975-09-26,-1.136
1975-10-03,-1.154
1975-10-10,-1.172
1975-10-17,-1.193
1975-10-24,-1.215
1975-10-31,-1.239
1975-11-07,-1.265
1975-11-14,-1.292
1975-11-21,-1.32
1975-11-28,-1.349
1975-12-05,-1.38
1975-12-12,-1.41
1975-12-19,-1.441
1975-12-26,-1.472
1976-01-02,-1.502
1976-01-09,-1.531
1976-01-16,-1.558
1976-01-23,-1.582
1976-01-30,-1.604
1976-02-06,-1.621
1976-02-13,-1.635
1976-02-20,-1.645
1976-02-27,-1.651
1976-03-05,-1.653
1976-03-12,-1.65
1976-03-19,-1.644
1976-03-26,-1.634
1976-04-02,-1.621
1976-04-09,-1.605
1976-04-16,-1.587
1976-04-23,-1.566
1976-04-30,-1.543
1976-05-07,-1.519
1976-05-14,-1.493
1976-05-21,-1.466
1976-05-28,-1.439
1976-06-04,-1.41
1976-06-11,-1.38
1976-06-18,-1.351
1976-06-25,-1.321
1976-07-02,-1.291
1976-07-09,-1.262
1976-07-16,-1.234
1976-07-23,-1.208
1976-07-30,-1.183
1976-08-06,-1.162
1976-08-13,-1.144
1976-08-20,-1.128
1976-08-27,-1.117
1976-09-03,-1.109
1976-09-10,-1.106
1976-09-17,-1.106
1976-09-24,-1.11
1976-10-01,-1.118
1976-10-08,-1.129
1976-10-15,-1.142
1976-10-22,-1.158
1976-10-29,-1.176
1976-11-05,-1.194
1976-11-12,-1.214
1976-11-19,-1.233
1976-11-26,-1.251
1976-12-03,-1.269
1976-12-10,-1.285
1976-12-17,-1.298
1976-12-24,-1.31
1976-12-31,-1.319
1977-01-07,-1.325
1977-01-14,-1.328
1977-01-21,-1.33
1977-01-28,-1.329
1977-02-04,-1.327
1977-02-11,-1.325
1977-02-18,-1.322
1977-02-25,-1.319
1977-03-04,-1.316
1977-03-11,-1.313
1977-03-18,-1.311
1977-03-25,-1.31
1977-04-01,-1.308
1977-04-08,-1.306
1977-04-15,-1.303
1977-04-22,-1.298
1977-04-29,-1.292
1977-05-06,-1.284
1977-05-13,-1.274
1977-05-20,-1.261
1977-05-27,-1.246
1977-06-03,-1.228
1977-06-10,-1.207
1977-06-17,-1.184
1977-06-24,-1.159
1977-07-01,-1.132
1977-07-08,-1.103
1977-07-15,-1.072
1977-07-22,-1.041
1977-07-29,-1.01
1977-08-05,-0.978
1977-08-12,-0.946
1977-08-19,-0.915
1977-08-26,-0.885
1977-09-02,-0.857
1977-09-09,-0.829
1977-09-16,-0.804
1977-09-23,-0.78
1977-09-30,-0.758
1977-10-07,-0.738
1977-10-14,-0.719
1977-10-21,-0.703
1977-10-28,-0.688
1977-11-04,-0.675
1977-11-11,-0.664
1977-11-18,-0.654
1977-11-25,-0.645
1977-12-02,-0.638
1977-12-09,-0.632
1977-12-16,-0.628
1977-12-23,-0.625
1977-12-30,-0.624
1978-01-06,-0.625
1978-01-13,-0.629
1978-01-20,-0.635
1978-01-27,-0.644
1978-02-03,-0.656
1978-02-10,-0.671
1978-02-17,-0.689
1978-02-24,-0.71
1978-03-03,-0.733
1978-03-10,-0.758
1978-03-17,-0.784
1978-03-24,-0.811
1978-03-31,-0.837
1978-04-07,-0.862
1978-04-14,-0.885
1978-04-21,-0.904
1978-04-28,-0.92
1978-05-05,-0.931
1978-05-12,-0.937
1978-05-19,-0.938
1978-05-26,-0.934
1978-06-02,-0.924
1978-06-09,-0.909
1978-06-16,-0.887
1978-06-23,-0.861
1978-06-30,-0.829
1978-07-07,-0.792
1978-07-14,-0.751
1978-07-21,-0.706
1978-07-28,-0.657
1978-08-04,-0.604
1978-08-11,-0.548
1978-08-18,-0.489
1978-08-25,-0.427
1978-09-01,-0.363
1978-09-08,-0.298
1978-09-15,-0.23
1978-09-22,-0.163
1978-09-29,-0.095
1978-10-06,-0.029
1978-10-13,0.035
1978-10-20,0.097
1978-10-27,0.155
1978-11-03,0.209
1978-11-10,0.258
1978-11-17,0.302
1978-11-24,0.341
1978-12-01,0.375
1978-12-08,0.405
1978-12-15,0.429
1978-12-22,0.449
1978-12-29,0.465
1979-01-05,0.476
1979-01-12,0.484
1979-01-19,0.488
1979-01-26,0.487
1979-02-02,0.484
1979-02-09,0.477
1979-02-16,0.468
1979-02-23,0.458
1979-03-02,0.446
1979-03-09,0.434
1979-03-16,0.422
1979-03-23,0.41
1979-03-30,0.4
1979-04-06,0.391
1979-04-13,0.383
1979-04-20,0.378
1979-04-27,0.373
1979-05-04,0.37
1979-05-11,0.368
1979-05-18,0.366
1979-05-25,0.365
1979-06-01,0.364
1979-06-08,0.364
1979-06-15,0.364
1979-06-22,0.364
1979-06-29,0.365
1979-07-06,0.367
1979-07-13,0.37
1979-07-20,0.373
1979-07-27,0.379
1979-08-03,0.385
1979-08-10,0.393
1979-08-17,0.402
1979-08-24,0.412
1979-08-31,0.423
1979-09-07,0.434
1979-09-14,0.446
1979-09-21,0.457
1979-09-28,0.468
1979-10-05,0.478
1979-10-12,0.487
1979-10-19,0.495
1979-10-26,0.502
1979-11-02,0.508
1979-11-09,0.512
1979-11-16,0.516
1979-11-23,0.518
1979-11-30,0.522
1979-12-07,0.526
1979-12-14,0.533
1979-12-21,0.543
1979-12-28,0.558
1980-01-04,0.58
1980-01-11,0.609
1980-01-18,0.647
1980-01-25,0.695
1980-02-01,0.753
1980-02-08,0.822
1980-02-15,0.9
1980-02-22,0.987
1980-02-29,1.079
1980-03-07,1.174
1980-03-14,1.268
1980-03-21,1.356
1980-03-28,1.434
1980-04-04,1.499
1980-04-11,1.546
1980-04-18,1.574
1980-04-25,1.578
1980-05-02,1.56
1980-05-09,1.518
1980-05-16,1.453
1980-05-23,1.368
1980-05-30,1.265
1980-06-06,1.146
1980-06-13,1.015
1980-06-20,0.874
1980-06-27,0.728
1980-07-04,0.579
1980-07-11,0.431
1980-07-18,0.287
1980-07-25,0.149
1980-08-01,0.02
1980-08-08,-0.098
1980-08-15,-0.204
1980-08-22,-0.296
1980-08-29,-0.375
1980-09-05,-0.438
1980-09-12,-0.488
1980-09-19,-0.525
1980-09-26,-0.548
1980-10-03,-0.558
1980-10-10,-0.556
1980-10-17,-0.543
1980-10-24,-0.518
1980-10-31,-0.483
1980-11-07,-0.438
1980-11-14,-0.384
1980-11-21,-0.322
1980-11-28,-0.254
1980-12-05,-0.182
1980-12-12,-0.108
1980-12-19,-0.035
1980-12-26,0.038
1981-01-02,0.105
1981-01-09,0.169
1981-01-16,0.226
1981-01-23,0.278
1981-01-30,0.324
1981-02-06,0.364
1981-02-13,0.401
1981-02-20,0.433
1981-02-27,0.463
1981-03-06,0.491
1981-03-13,0.518
1981-03-20,0.545
1981-03-27,0.574
1981-04-03,0.605
1981-04-10,0.639
1981-04-17,0.678
1981-04-24,0.72
1981-05-01,0.768
1981-05-08,0.819
1981-05-15,0.874
1981-05-22,0.933
1981-05-29,0.993
1981-06-05,1.055
1981-06-12,1.119
1981-06-19,1.184
1981-06-26,1.25
1981-07-03,1.318
1981-07-10,1.387
1981-07-17,1.458
1981-07-24,1.531
1981-07-31,1.605
1981-08-07,1.68
1981-08-14,1.755
1981-08-21,1.829
1981-08-28,1.901
1981-09-04,1.969
1981-09-11,2.035
1981-09-18,2.095
1981-09-25,2.151
1981-10-02,2.201
1981-10-09,2.245
1981-10-16,2.282
1981-10-23,2.314
1981-10-30,2.339
1981-11-06,2.357
1981-11-13,2.37
1981-11-20,2.377
1981-11-27,2.38
1981-12-04,2.38
1981-12-11,2.379
1981-12-18,2.379
1981-12-25,2.379
1982-01-01,2.381
1982-01-08,2.385
1982-01-15,2.391
1982-01-22,2.397
1982-01-29,2.403
1982-02-05,2.408
1982-02-12,2.411
1982-02-19,2.411
1982-02-26,2.408
1982-03-05,2.4
1982-03-12,2.389
1982-03-19,2.375
1982-03-26,2.359
1982-04-02,2.341
1982-04-09,2.323
1982-04-16,2.304
1982-04-23,2.285
1982-04-30,2.267
1982-05-07,2.249
1982-05-14,2.232
1982-05-21,2.215
1982-05-28,2.198
1982-06-04,2.18
1982-06-11,2.162
1982-06-18,2.142
1982-06-25,2.12
1982-07-02,2.094
1982-07-09,2.064
1982-07-16,2.028
1982-07-23,1.986
1982-07-30,1.937
1982-08-06,1.88
1982-08-13,1.816
1982-08-20,1.744
1982-08-27,1.666
1982-09-03,1.582
1982-09-10,1.492
1982-09-17,1.397
1982-09-24,1.299
1982-10-01,1.197
1982-10-08,1.093
1982-10-15,0.987
1982-10-22,0.88
1982-10-29,0.773
1982-11-05,0.668
1982-11-12,0.565
1982-11-19,0.465
1982-11-26,0.368
1982-12-03,0.274
1982-12-10,0.185
1982-12-17,0.098
1982-12-24,0.015
1982-12-31,-0.065
1983-01-07,-0.144
1983-01-14,-0.222
1983-01-21,-0.299
1983-01-28,-0.376
1983-02-04,-0.453
1983-02-11,-0.529
1983-02-18,-0.606
1983-02-25,-0.683
1983-03-04,-0.759
1983-03-11,-0.834
1983-03-18,-0.907
1983-03-25,-0.978
1983-04-01,-1.045
1983-04-08,-1.109
1983-04-15,-1.169
1983-04-22,-1.223
1983-04-29,-1.271
1983-05-06,-1.312
1983-05-13,-1.346
1983-05-20,-1.373
1983-05-27,-1.391
1983-06-03,-1.401
1983-06-10,-1.403
1983-06-17,-1.397
1983-06-24,-1.385
1983-07-01,-1.366
1983-07-08,-1.343
1983-07-15,-1.316
1983-07-22,-1.287
1983-07-29,-1.257
1983-08-05,-1.226
1983-08-12,-1.197
1983-08-19,-1.169
1983-08-26,-1.143
1983-09-02,-1.119
1983-09-09,-1.097
1983-09-16,-1.077
1983-09-23,-1.059
1983-09-30,-1.042
1983-10-07,-1.026
1983-10-14,-1.01
1983-10-21,-0.993
1983-10-28,-0.976
1983-11-04,-0.957
1983-11-11,-0.936
1983-11-18,-0.913
1983-11-25,-0.888
1983-12-02,-0.86
1983-12-09,-0.829
1983-12-16,-0.797
1983-12-23,-0.763
1983-12-30,-0.728
1984-01-06,-0.693
1984-01-13,-0.659
1984-01-20,-0.626
1984-01-27,-0.596
1984-02-03,-0.568
1984-02-10,-0.544
1984-02-17,-0.523
1984-02-24,-0.505
1984-03-02,-0.49
1984-03-09,-0.478
1984-03-16,-0.467
1984-03-23,-0.459
1984-03-30,-0.451
1984-04-06,-0.443
1984-04-13,-0.436
1984-04-20,-0.428
1984-04-27,-0.42
1984-05-04,-0.41
1984-05-11,-0.399
1984-05-18,-0.385
1984-05-25,-0.37
1984-06-01,-0.352
1984-06-08,-0.331
1984-06-15,-0.308
1984-06-22,-0.282
1984-06-29,-0.253
1984-07-06,-0.222
1984-07-13,-0.188
1984-07-20,-0.154
1984-07-27,-0.118
1984-08-03,-0.082
1984-08-10,-0.044
1984-08-17,-0.007
1984-08-24,0.031
1984-08-31,0.067
1984-09-07,0.103
1984-09-14,0.136
1984-09-21,0.166
1984-09-28,0.193
1984-10-05,0.214
1984-10-12,0.231
1984-10-19,0.241
1984-10-26,0.245
1984-11-02,0.243
1984-11-09,0.235
1984-11-16,0.222
1984-11-23,0.204
1984-11-30,0.183
1984-12-07,0.159
1984-12-14,0.134
1984-12-21,0.108
1984-12-28,0.082
1985-01-04,0.058
1985-01-11,0.036
1985-01-18,0.017
1985-01-25,0.002
1985-02-01,-0.009
1985-02-08,-0.015
1985-02-15,-0.017
1985-02-22,-0.014
1985-03-01,-0.007
1985-03-08,0.003
1985-03-15,0.016
1985-03-22,0.029
1985-03-29,0.043
1985-04-05,0.055
1985-04-12,0.066
1985-04-19,0.073
1985-04-26,0.078
1985-05-03,0.079
1985-05-10,0.078
1985-05-17,0.075
1985-05-24,0.07
1985-05-31,0.065
1985-06-07,0.059
1985-06-14,0.053
1985-06-21,0.047
1985-06-28,0.042
1985-07-05,0.037
1985-07-12,0.031
1985-07-19,0.025
1985-07-26,0.018
1985-08-02,0.009
1985-08-09,-0.002
1985-08-16,-0.016
1985-08-23,-0.033
1985-08-30,-0.053
1985-09-06,-0.077
1985-09-13,-0.103
1985-09-20,-0.131
1985-09-27,-0.161
1985-10-04,-0.191
1985-10-11,-0.222
1985-10-18,-0.251
1985-10-25,-0.279
1985-11-01,-0.304
1985-11-08,-0.327
1985-11-15,-0.346
1985-11-22,-0.363
1985-11-29,-0.376
1985-12-06,-0.386
1985-12-13,-0.393
1985-12-20,-0.397
1985-12-27,-0.399
1986-01-03,-0.397
1986-01-10,-0.394
1986-01-17,-0.389
1986-01-24,-0.382
1986-01-31,-0.373
1986-02-07,-0.364
1986-02-14,-0.354
1986-02-21,-0.345
1986-02-28,-0.335
1986-03-07,-0.326
1986-03-14,-0.319
1986-03-21,-0.312
1986-03-28,-0.306
1986-04-04,-0.301
1986-04-11,-0.296
1986-04-18,-0.291
1986-04-25,-0.283
1986-05-02,-0.274
1986-05-09,-0.261
1986-05-16,-0.245
1986-05-23,-0.224
1986-05-30,-0.199
1986-06-06,-0.17
1986-06-13,-0.137
1986-06-20,-0.101
1986-06-27,-0.062
1986-07-04,-0.022
1986-07-11,0.019
1986-07-18,0.062
1986-07-25,0.104
1986-08-01,0.148
1986-08-08,0.191
1986-08-15,0.235
1986-08-22,0.278
1986-08-29,0.321
1986-09-05,0.363
1986-09-12,0.404
1986-09-19,0.444
1986-09-26,0.482
1986-10-03,0.518
1986-10-10,0.551
1986-10-17,0.581
1986-10-24,0.608
1986-10-31,0.631
1986-11-07,0.65
1986-11-14,0.663
1986-11-21,0.67
1986-11-28,0.671
1986-12-05,0.664
1986-12-12,0.65
1986-12-19,0.629
1986-12-26,0.601
1987-01-02,0.567
1987-01-09,0.527
1987-01-16,0.483
1987-01-23,0.436
1987-01-30,0.388
1987-02-06,0.339
1987-02-13,0.29
1987-02-20,0.244
1987-02-27,0.2
1987-03-06,0.159
1987-03-13,0.121
1987-03-20,0.086
1987-03-27,0.055
1987-04-03,0.026
1987-04-10,0.001
1987-04-17,-0.022
1987-04-24,-0.043
1987-05-01,-0.062
1987-05-08,-0.079
1987-05-15,-0.094
1987-05-22,-0.107
1987-05-29,-0.118
1987-06-05,-0.126
1987-06-12,-0.131
1987-06-19,-0.13
1987-06-26,-0.124
1987-07-03,-0.11
1987-07-10,-0.087
1987-07-17,-0.054
1987-07-24,-0.008
1987-07-31,0.05
1987-08-07,0.121
1987-08-14,0.205
1987-08-21,0.302
1987-08-28,0.411
1987-09-04,0.528
1987-09-11,0.652
1987-09-18,0.779
1987-09-25,0.905
1987-10-02,1.025
1987-10-09,1.136
1987-10-16,1.233
1987-10-23,1.311
1987-10-30,1.369
1987-11-06,1.404
1987-11-13,1.417
1987-11-20,1.407
1987-11-27,1.377
1987-12-04,1.328
1987-12-11,1.263
1987-12-18,1.185
1987-12-25,1.096
1988-01-01,1.001
1988-01-08,0.901
1988-01-15,0.799
1988-01-22,0.699
1988-01-29,0.601
1988-02-05,0.508
1988-02-12,0.422
1988-02-19,0.343
1988-02-26,0.274
1988-03-04,0.214
1988-03-11,0.165
1988-03-18,0.125
1988-03-25,0.095
1988-04-01,0.073
1988-04-08,0.06
1988-04-15,0.054
1988-04-22,0.053
1988-04-29,0.058
1988-05-06,0.065
1988-05-13,0.076
1988-05-20,0.088
1988-05-27,0.1
1988-06-03,0.113
1988-06-10,0.125
1988-06-17,0.136
1988-06-24,0.146
1988-07-01,0.153
1988-07-08,0.159
1988-07-15,0.161
1988-07-22,0.162
1988-07-29,0.159
1988-08-05,0.154
1988-08-12,0.147
1988-08-19,0.138
1988-08-26,0.127
1988-09-02,0.116
1988-09-09,0.103
1988-09-16,0.091
1988-09-23,0.079
1988-09-30,0.067
1988-10-07,0.056
1988-10-14,0.046
1988-10-21,0.037
1988-10-28,0.03
1988-11-04,0.024
1988-11-11,0.019
1988-11-18,0.016
1988-11-25,0.014
1988-12-02,0.013
1988-12-09,0.014
1988-12-16,0.014
1988-12-23,0.016
1988-12-30,0.017
1989-01-06,0.018
1989-01-13,0.018
1989-01-20,0.016
1989-01-27,0.013
1989-02-03,0.009
1989-02-10,0.004
1989-02-17,-0.003
1989-02-24,-0.011
1989-03-03,-0.019
1989-03-10,-0.027
1989-03-17,-0.034
1989-03-24,-0.04
1989-03-31,-0.045
1989-04-07,-0.048
1989-04-14,-0.049
1989-04-21,-0.049
1989-04-28,-0.047
1989-05-05,-0.045
1989-05-12,-0.042
1989-05-19,-0.039
1989-05-26,-0.035
1989-06-02,-0.031
1989-06-09,-0.028
1989-06-16,-0.024
1989-06-23,-0.021
1989-06-30,-0.017
1989-07-07,-0.014
1989-07-14,-0.011
1989-07-21,-0.007
1989-07-28,-0.002
1989-08-04,0.003
1989-08-11,0.01
1989-08-18,0.019
1989-08-25,0.03
1989-09-01,0.044
1989-09-08,0.06
1989-09-15,0.079
1989-09-22,0.1
1989-09-29,0.123
1989-10-06,0.148
1989-10-13,0.174
1989-10-20,0.202
1989-10-27,0.23
1989-11-03,0.258
1989-11-10,0.287
1989-11-17,0.315
1989-11-24,0.341
1989-12-01,0.367
1989-12-08,0.39
1989-12-15,0.411
1989-12-22,0.428
1989-12-29,0.441
1990-01-05,0.449
1990-01-12,0.452
1990-01-19,0.449
1990-01-26,0.439
1990-02-02,0.423
1990-02-09,0.4
1990-02-16,0.372
1990-02-23,0.338
1990-03-02,0.3
1990-03-09,0.258
1990-03-16,0.214
1990-03-23,0.17
1990-03-30,0.126
1990-04-06,0.086
1990-04-13,0.05
1990-04-20,0.021
1990-04-27,0.001
1990-05-04,-0.01
1990-05-11,-0.009
1990-05-18,0.003
1990-05-25,0.028
1990-06-01,0.064
1990-06-08,0.112
1990-06-15,0.168
1990-06-22,0.233
1990-06-29,0.303
1990-07-06,0.377
1990-07-13,0.451
1990-07-20,0.524
1990-07-27,0.592
1990-08-03,0.653
1990-08-10,0.706
1990-08-17,0.75
1990-08-24,0.782
1990-08-31,0.803
1990-09-07,0.813
1990-09-14,0.811
1990-09-21,0.798
1990-09-28,0.774
1990-10-05,0.741
1990-10-12,0.699
1990-10-19,0.65
1990-10-26,0.594
1990-11-02,0.533
1990-11-09,0.467
1990-11-16,0.397
1990-11-23,0.326
1990-11-30,0.252
1990-12-07,0.177
1990-12-14,0.103
1990-12-21,0.028
1990-12-28,-0.045
1991-01-04,-0.115
1991-01-11,-0.184
1991-01-18,-0.249
1991-01-25,-0.31
1991-02-01,-0.366
1991-02-08,-0.417
1991-02-15,-0.462
1991-02-22,-0.5
1991-03-01,-0.532
1991-03-08,-0.557
1991-03-15,-0.576
1991-03-22,-0.589
1991-03-29,-0.596
1991-04-05,-0.599
1991-04-12,-0.598
1991-04-19,-0.593
1991-04-26,-0.586
1991-05-03,-0.576
1991-05-10,-0.565
1991-05-17,-0.552
1991-05-24,-0.538
1991-05-31,-0.524
1991-06-07,-0.508
1991-06-14,-0.492
1991-06-21,-0.476
1991-06-28,-0.459
1991-07-05,-0.443
1991-07-12,-0.426
1991-07-19,-0.41
1991-07-26,-0.394
1991-08-02,-0.379
1991-08-09,-0.364
1991-08-16,-0.35
1991-08-23,-0.337
1991-08-30,-0.326
1991-09-06,-0.316
1991-09-13,-0.309
1991-09-20,-0.304
1991-09-27,-0.301
1991-10-04,-0.3
1991-10-11,-0.302
1991-10-18,-0.305
1991-10-25,-0.311
1991-11-01,-0.319
1991-11-08,-0.329
1991-11-15,-0.341
1991-11-22,-0.355
1991-11-29,-0.372
1991-12-06,-0.392
1991-12-13,-0.414
1991-12-20,-0.439
1991-12-27,-0.465
1992-01-03,-0.491
1992-01-10,-0.517
1992-01-17,-0.542
1992-01-24,-0.565
1992-01-31,-0.585
1992-02-07,-0.602
1992-02-14,-0.616
1992-02-21,-0.627
1992-02-28,-0.634
1992-03-06,-0.638
1992-03-13,-0.641
1992-03-20,-0.642
1992-03-27,-0.642
1992-04-03,-0.644
1992-04-10,-0.647
1992-04-17,-0.653
1992-04-24,-0.662
1992-05-01,-0.674
1992-05-08,-0.689
1992-05-15,-0.706
1992-05-22,-0.726
1992-05-29,-0.746
1992-06-05,-0.766
1992-06-12,-0.784
1992-06-19,-0.8
1992-06-26,-0.812
1992-07-03,-0.818
1992-07-10,-0.818
1992-07-17,-0.812
1992-07-24,-0.801
1992-07-31,-0.785
1992-08-07,-0.767
1992-08-14,-0.747
1992-08-21,-0.729
1992-08-28,-0.714
1992-09-04,-0.705
1992-09-11,-0.702
1992-09-18,-0.706
1992-09-25,-0.717
1992-10-02,-0.734
1992-10-09,-0.756
1992-10-16,-0.781
1992-10-23,-0.807
1992-10-30,-0.835
1992-11-06,-0.862
1992-11-13,-0.89
1992-11-20,-0.917
1992-11-27,-0.945
1992-12-04,-0.973
1992-12-11,-1.002
1992-12-18,-1.033
1992-12-25,-1.065
1993-01-01,-1.099
1993-01-08,-1.132
1993-01-15,-1.166
1993-01-22,-1.199
1993-01-29,-1.231
1993-02-05,-1.26
1993-02-12,-1.287
1993-02-19,-1.311
1993-02-26,-1.331
1993-03-05,-1.346
1993-03-12,-1.354
1993-03-19,-1.355
1993-03-26,-1.346
1993-04-02,-1.329
1993-04-09,-1.302
1993-04-16,-1.266
1993-04-23,-1.224
1993-04-30,-1.18
1993-05-07,-1.136
1993-05-14,-1.098
1993-05-21,-1.069
1993-05-28,-1.052
1993-06-04,-1.048
1993-06-11,-1.057
1993-06-18,-1.078
1993-06-25,-1.109
1993-07-02,-1.145
1993-07-09,-1.183
1993-07-16,-1.22
1993-07-23,-1.254
1993-07-30,-1.282
1993-08-06,-1.303
1993-08-13,-1.316
1993-08-20,-1.319
1993-08-27,-1.314
1993-09-03,-1.299
1993-09-10,-1.274
1993-09-17,-1.238
1993-09-24,-1.19
1993-10-01,-1.131
1993-10-08,-1.063
1993-10-15,-0.986
1993-10-22,-0.904
1993-10-29,-0.822
1993-11-05,-0.742
1993-11-12,-0.668
1993-11-19,-0.602
1993-11-26,-0.547
1993-12-03,-0.501
1993-12-10,-0.465
1993-12-17,-0.436
1993-12-24,-0.412
1993-12-31,-0.392
1994-01-07,-0.373
1994-01-14,-0.356
1994-01-21,-0.338
1994-01-28,-0.32
1994-02-04,-0.303
1994-02-11,-0.289
1994-02-18,-0.277
1994-02-25,-0.271
1994-03-04,-0.27
1994-03-11,-0.276
1994-03-18,-0.289
1994-03-25,-0.308
1994-04-01,-0.333
1994-04-08,-0.361
1994-04-15,-0.391
1994-04-22,-0.422
1994-04-29,-0.451
1994-05-06,-0.479
1994-05-13,-0.505
1994-05-20,-0.526
1994-05-27,-0.544
1994-06-03,-0.557
1994-06-10,-0.565
1994-06-17,-0.567
1994-06-24,-0.565
1994-07-01,-0.557
1994-07-08,-0.545
1994-07-15,-0.527
1994-07-22,-0.504
1994-07-29,-0.476
1994-08-05,-0.442
1994-08-12,-0.403
1994-08-19,-0.359
1994-08-26,-0.309
1994-09-02,-0.255
1994-09-09,-0.197
1994-09-16,-0.138
1994-09-23,-0.078
1994-09-30,-0.02
1994-10-07,0.035
1994-10-14,0.086
1994-10-21,0.132
1994-10-28,0.173
1994-11-04,0.207
1994-11-11,0.235
1994-11-18,0.256
1994-11-25,0.27
1994-12-02,0.277
1994-12-09,0.277
1994-12-16,0.27
1994-12-23,0.257
1994-12-30,0.24
1995-01-06,0.217
1995-01-13,0.193
1995-01-20,0.167
1995-01-27,0.141
1995-02-03,0.117
1995-02-10,0.094
1995-02-17,0.075
1995-02-24,0.058
1995-03-03,0.043
1995-03-10,0.029
1995-03-17,0.015
1995-03-24,0.0
1995-03-31,-0.017
1995-04-07,-0.035
1995-04-14,-0.055
1995-04-21,-0.074
1995-04-28,-0.094
1995-05-05,-0.112
1995-05-12,-0.127
1995-05-19,-0.139
1995-05-26,-0.146
1995-06-02,-0.149
1995-06-09,-0.147
1995-06-16,-0.143
1995-06-23,-0.138
1995-06-30,-0.133
1995-07-07,-0.133
1995-07-14,-0.138
1995-07-21,-0.15
1995-07-28,-0.171
1995-08-04,-0.201
1995-08-11,-0.238
1995-08-18,-0.282
1995-08-25,-0.329
1995-09-01,-0.377
1995-09-08,-0.423
1995-09-15,-0.466
1995-09-22,-0.502
1995-09-29,-0.531
1995-10-06,-0.553
1995-10-13,-0.567
1995-10-20,-0.575
1995-10-27,-0.578
1995-11-03,-0.577
1995-11-10,-0.575
1995-11-17,-0.571
1995-11-24,-0.569
1995-12-01,-0.569
1995-12-08,-0.572
1995-12-15,-0.579
1995-12-22,-0.59
1995-12-29,-0.606
1996-01-05,-0.626
1996-01-12,-0.651
1996-01-19,-0.678
1996-01-26,-0.707
1996-02-02,-0.734
1996-02-09,-0.758
1996-02-16,-0.775
1996-02-23,-0.786
1996-03-01,-0.788
1996-03-08,-0.78
1996-03-15,-0.765
1996-03-22,-0.741
1996-03-29,-0.712
1996-04-05,-0.677
1996-04-12,-0.64
1996-04-19,-0.602
1996-04-26,-0.565
1996-05-03,-0.53
1996-05-10,-0.5
1996-05-17,-0.474
1996-05-24,-0.454
1996-05-31,-0.439
1996-06-07,-0.43
1996-06-14,-0.427
1996-06-21,-0.43
1996-06-28,-0.44
1996-07-05,-0.454
1996-07-12,-0.474
1996-07-19,-0.498
1996-07-26,-0.525
1996-08-02,-0.553
1996-08-09,-0.581
1996-08-16,-0.607
1996-08-23,-0.632
1996-08-30,-0.655
1996-09-06,-0.678
1996-09-13,-0.7
1996-09-20,-0.724
1996-09-27,-0.75
1996-10-04,-0.779
1996-10-11,-0.811
1996-10-18,-0.844
1996-10-25,-0.878
1996-11-01,-0.91
1996-11-08,-0.939
1996-11-15,-0.962
1996-11-22,-0.979
1996-11-29,-0.989
1996-12-06,-0.994
1996-12-13,-0.995
1996-12-20,-0.995
1996-12-27,-0.997
1997-01-03,-1.003
1997-01-10,-1.015
1997-01-17,-1.035
1997-01-24,-1.062
1997-01-31,-1.094
1997-02-07,-1.127
1997-02-14,-1.16
1997-02-21,-1.188
1997-02-28,-1.209
1997-03-07,-1.221
1997-03-14,-1.223
1997-03-21,-1.216
1997-03-28,-1.2
1997-04-04,-1.18
1997-04-11,-1.156
1997-04-18,-1.132
1997-04-25,-1.111
1997-05-02,-1.092
1997-05-09,-1.078
1997-05-16,-1.067
1997-05-23,-1.06
1997-05-30,-1.054
1997-06-06,-1.049
1997-06-13,-1.043
1997-06-20,-1.035
1997-06-27,-1.025
1997-07-04,-1.014
1997-07-11,-1.002
1997-07-18,-0.991
1997-07-25,-0.984
1997-08-01,-0.98
1997-08-08,-0.981
1997-08-15,-0.987
1997-08-22,-0.999
1997-08-29,-1.014
1997-09-05,-1.033
1997-09-12,-1.053
1997-09-19,-1.072
1997-09-26,-1.089
1997-10-03,-1.102
1997-10-10,-1.111
1997-10-17,-1.115
1997-10-24,-1.116
1997-10-31,-1.113
1997-11-07,-1.107
1997-11-14,-1.099
1997-11-21,-1.089
1997-11-28,-1.078
1997-12-05,-1.065
1997-12-12,-1.049
1997-12-19,-1.032
1997-12-26,-1.014
1998-01-02,-0.996
1998-01-09,-0.981
1998-01-16,-0.97
1998-01-23,-0.965
1998-01-30,-0.967
1998-02-06,-0.977
1998-02-13,-0.993
1998-02-20,-1.014
1998-02-27,-1.038
1998-03-06,-1.061
1998-03-13,-1.081
1998-03-20,-1.094
1998-03-27,-1.1
1998-04-03,-1.097
1998-04-10,-1.085
1998-04-17,-1.066
1998-04-24,-1.04
1998-05-01,-1.011
1998-05-08,-0.98
1998-05-15,-0.95
1998-05-22,-0.922
1998-05-29,-0.895
1998-06-05,-0.868
1998-06-12,-0.839
1998-06-19,-0.805
1998-06-26,-0.764
1998-07-03,-0.711
1998-07-10,-0.645
1998-07-17,-0.566
1998-07-24,-0.474
1998-07-31,-0.372
1998-08-07,-0.264
1998-08-14,-0.155
1998-08-21,-0.051
1998-08-28,0.042
1998-09-04,0.122
1998-09-11,0.184
1998-09-18,0.228
1998-09-25,0.257
1998-10-02,0.272
1998-10-09,0.278
1998-10-16,0.279
1998-10-23,0.282
1998-10-30,0.291
1998-11-06,0.309
1998-11-13,0.339
1998-11-20,0.379
1998-11-27,0.429
1998-12-04,0.486
1998-12-11,0.547
1998-12-18,0.605
1998-12-25,0.658
1999-01-01,0.702
1999-01-08,0.733
1999-01-15,0.75
1999-01-22,0.752
1999-01-29,0.738
1999-02-05,0.708
1999-02-12,0.666
1999-02-19,0.614
1999-02-26,0.556
1999-03-05,0.496
1999-03-12,0.438
1999-03-19,0.385
1999-03-26,0.34
1999-04-02,0.303
1999-04-09,0.277
1999-04-16,0.261
1999-04-23,0.255
1999-04-30,0.26
1999-05-07,0.274
1999-05-14,0.295
1999-05-21,0.322
1999-05-28,0.353
1999-06-04,0.386
1999-06-11,0.421
1999-06-18,0.457
1999-06-25,0.495
1999-07-02,0.535
1999-07-09,0.578
1999-07-16,0.625
1999-07-23,0.677
1999-07-30,0.732
1999-08-06,0.79
1999-08-13,0.848
1999-08-20,0.903
1999-08-27,0.952
1999-09-03,0.991
1999-09-10,1.017
1999-09-17,1.027
1999-09-24,1.022
1999-10-01,1.003
1999-10-08,0.974
1999-10-15,0.941
1999-10-22,0.909
1999-10-29,0.884
1999-11-05,0.873
1999-11-12,0.878
1999-11-19,0.899
1999-11-26,0.936
1999-12-03,0.985
1999-12-10,1.041
1999-12-17,1.101
1999-12-24,1.16
1999-12-31,1.214
2000-01-07,1.262
2000-01-14,1.3
2000-01-21,1.33
2000-01-28,1.348
2000-02-04,1.357
2000-02-11,1.356
2000-02-18,1.344
2000-02-25,1.32
2000-03-03,1.284
2000-03-10,1.238
2000-03-17,1.182
2000-03-24,1.119
2000-03-31,1.051
2000-04-07,0.979
2000-04-14,0.905
2000-04-21,0.831
2000-04-28,0.759
2000-05-05,0.689
2000-05-12,0.623
2000-05-19,0.561
2000-05-26,0.504
2000-06-02,0.45
2000-06-09,0.4
2000-06-16,0.349
2000-06-23,0.295
2000-06-30,0.237
2000-07-07,0.171
2000-07-14,0.097
2000-07-21,0.016
2000-07-28,-0.071
2000-08-04,-0.161
2000-08-11,-0.25
2000-08-18,-0.337
2000-08-25,-0.419
2000-09-01,-0.494
2000-09-08,-0.56
2000-09-15,-0.618
2000-09-22,-0.666
2000-09-29,-0.709
2000-10-06,-0.746
2000-10-13,-0.784
2000-10-20,-0.825
2000-10-27,-0.874
2000-11-03,-0.933
2000-11-10,-1.004
2000-11-17,-1.086
2000-11-24,-1.179
2000-12-01,-1.281
2000-12-08,-1.387
2000-12-15,-1.492
2000-12-22,-1.592
2000-12-29,-1.682
2001-01-05,-1.759
2001-01-12,-1.822
2001-01-19,-1.871
2001-01-26,-1.909
2001-02-02,-1.936
2001-02-09,-1.954
2001-02-16,-1.967
2001-02-23,-1.975
2001-03-02,-1.98
2001-03-09,-1.982
2001-03-16,-1.982
2001-03-23,-1.98
2001-03-30,-1.976
2001-04-06,-1.97
2001-04-13,-1.963
2001-04-20,-1.956
2001-04-27,-1.951
2001-05-04,-1.948
2001-05-11,-1.949
2001-05-18,-1.952
2001-05-25,-1.959
2001-06-01,-1.968
2001-06-08,-1.978
2001-06-15,-1.988
2001-06-22,-1.996
2001-06-29,-1.999
2001-07-06,-1.997
2001-07-13,-1.988
2001-07-20,-1.974
2001-07-27,-1.953
2001-08-03,-1.928
2001-08-10,-1.899
2001-08-17,-1.868
2001-08-24,-1.837
2001-08-31,-1.807
2001-09-07,-1.78
2001-09-14,-1.757
2001-09-21,-1.739
2001-09-28,-1.726
2001-10-05,-1.714
2001-10-12,-1.704
2001-10-19,-1.693
2001-10-26,-1.679
2001-11-02,-1.663
2001-11-09,-1.642
2001-11-16,-1.616
2001-11-23,-1.586
2001-11-30,-1.552
2001-12-07,-1.514
2001-12-14,-1.473
2001-12-21,-1.43
2001-12-28,-1.386
2002-01-04,-1.341
2002-01-11,-1.297
2002-01-18,-1.255
2002-01-25,-1.217
2002-02-01,-1.184
2002-02-08,-1.159
2002-02-15,-1.143
2002-02-22,-1.137
2002-03-01,-1.142
2002-03-08,-1.157
2002-03-15,-1.178
2002-03-22,-1.204
2002-03-29,-1.232
2002-04-05,-1.26
2002-04-12,-1.284
2002-04-19,-1.305
2002-04-26,-1.321
2002-05-03,-1.333
2002-05-10,-1.34
2002-05-17,-1.345
2002-05-24,-1.348
2002-05-31,-1.351
2002-06-07,-1.354
2002-06-14,-1.358
2002-06-21,-1.364
2002-06-28,-1.369
2002-07-05,-1.373
2002-07-12,-1.374
2002-07-19,-1.373
2002-07-26,-1.366
2002-08-02,-1.354
2002-08-09,-1.336
2002-08-16,-1.311
2002-08-23,-1.279
2002-08-30,-1.244
2002-09-06,-1.205
2002-09-13,-1.166
2002-09-20,-1.129
2002-09-27,-1.094
2002-10-04,-1.062
2002-10-11,-1.033
2002-10-18,-1.005
2002-10-25,-0.975
2002-11-01,-0.944
2002-11-08,-0.91
2002-11-15,-0.873
2002-11-22,-0.833
2002-11-29,-0.791
2002-12-06,-0.749
2002-12-13,-0.707
2002-12-20,-0.667
2002-12-27,-0.629
2003-01-03,-0.596
2003-01-10,-0.568
2003-01-17,-0.545
2003-01-24,-0.528
2003-01-31,-0.517
2003-02-07,-0.514
2003-02-14,-0.52
2003-02-21,-0.534
2003-02-28,-0.556
2003-03-07,-0.586
2003-03-14,-0.621
2003-03-21,-0.661
2003-03-28,-0.701
2003-04-04,-0.742
2003-04-11,-0.779
2003-04-18,-0.812
2003-04-25,-0.839
2003-05-02,-0.861
2003-05-09,-0.877
2003-05-16,-0.888
2003-05-23,-0.896
2003-05-30,-0.9
2003-06-06,-0.903
2003-06-13,-0.903
2003-06-20,-0.901
2003-06-27,-0.896
2003-07-04,-0.886
2003-07-11,-0.872
2003-07-18,-0.851
2003-07-25,-0.822
2003-08-01,-0.786
2003-08-08,-0.746
2003-08-15,-0.702
2003-08-22,-0.659
2003-08-29,-0.619
2003-09-05,-0.586
2003-09-12,-0.561
2003-09-19,-0.545
2003-09-26,-0.536
2003-10-03,-0.532
2003-10-10,-0.532
2003-10-17,-0.53
2003-10-24,-0.526
2003-10-31,-0.517
2003-11-07,-0.503
2003-11-14,-0.483
2003-11-21,-0.459
2003-11-28,-0.435
2003-12-05,-0.411
2003-12-12,-0.393
2003-12-19,-0.381
2003-12-26,-0.38
2004-01-02,-0.39
2004-01-09,-0.411
2004-01-16,-0.441
2004-01-23,-0.479
2004-01-30,-0.521
2004-02-06,-0.564
2004-02-13,-0.603
2004-02-20,-0.635
2004-02-27,-0.657
2004-03-05,-0.667
2004-03-12,-0.664
2004-03-19,-0.647
2004-03-26,-0.618
2004-04-02,-0.579
2004-04-09,-0.533
2004-04-16,-0.483
2004-04-23,-0.432
2004-04-30,-0.384
2004-05-07,-0.341
2004-05-14,-0.304
2004-05-21,-0.274
2004-05-28,-0.252
2004-06-04,-0.237
2004-06-11,-0.228
2004-06-18,-0.225
2004-06-25,-0.228
2004-07-02,-0.234
2004-07-09,-0.244
2004-07-16,-0.255
2004-07-23,-0.268
2004-07-30,-0.28
2004-08-06,-0.292
2004-08-13,-0.3
2004-08-20,-0.305
2004-08-27,-0.305
2004-09-03,-0.3
2004-09-10,-0.29
2004-09-17,-0.274
2004-09-24,-0.254
2004-10-01,-0.232
2004-10-08,-0.208
2004-10-15,-0.184
2004-10-22,-0.163
2004-10-29,-0.144
2004-11-05,-0.129
2004-11-12,-0.118
2004-11-19,-0.113
2004-11-26,-0.112
2004-12-03,-0.116
2004-12-10,-0.122
2004-12-17,-0.131
2004-12-24,-0.139
2004-12-31,-0.147
2005-01-07,-0.153
2005-01-14,-0.157
2005-01-21,-0.157
2005-01-28,-0.155
2005-02-04,-0.149
2005-02-11,-0.141
2005-02-18,-0.131
2005-02-25,-0.12
2005-03-04,-0.108
2005-03-11,-0.096
2005-03-18,-0.082
2005-03-25,-0.068
2005-04-01,-0.054
2005-04-08,-0.04
2005-04-15,-0.027
2005-04-22,-0.014
2005-04-29,-0.002
2005-05-06,0.01
2005-05-13,0.023
2005-05-20,0.036
2005-05-27,0.049
2005-06-03,0.063
2005-06-10,0.078
2005-06-17,0.094
2005-06-24,0.11
2005-07-01,0.125
2005-07-08,0.139
2005-07-15,0.151
2005-07-22,0.161
2005-07-29,0.169
2005-08-05,0.172
2005-08-12,0.171
2005-08-19,0.166
2005-08-26,0.154
2005-09-02,0.137
2005-09-09,0.112
2005-09-16,0.079
2005-09-23,0.039
2005-09-30,-0.008
2005-10-07,-0.061
2005-10-14,-0.117
2005-10-21,-0.174
2005-10-28,-0.23
2005-11-04,-0.28
2005-11-11,-0.322
2005-11-18,-0.354
2005-11-25,-0.374
2005-12-02,-0.383
2005-12-09,-0.382
2005-12-16,-0.372
2005-12-23,-0.355
2005-12-30,-0.335
2006-01-06,-0.315
2006-01-13,-0.297
2006-01-20,-0.286
2006-01-27,-0.282
2006-02-03,-0.286
2006-02-10,-0.297
2006-02-17,-0.315
2006-02-24,-0.338
2006-03-03,-0.363
2006-03-10,-0.388
2006-03-17,-0.412
2006-03-24,-0.435
2006-03-31,-0.455
2006-04-07,-0.472
2006-04-14,-0.488
2006-04-21,-0.501
2006-04-28,-0.512
2006-05-05,-0.521
2006-05-12,-0.527
2006-05-19,-0.53
2006-05-26,-0.529
2006-06-02,-0.525
2006-06-09,-0.518
2006-06-16,-0.507
2006-06-23,-0.495
2006-06-30,-0.482
2006-07-07,-0.47
2006-07-14,-0.461
2006-07-21,-0.456
2006-07-28,-0.456
2006-08-04,-0.46
2006-08-11,-0.468
2006-08-18,-0.479
2006-08-25,-0.491
2006-09-01,-0.503
2006-09-08,-0.514
2006-09-15,-0.521
2006-09-22,-0.524
2006-09-29,-0.522
2006-10-06,-0.517
2006-10-13,-0.508
2006-10-20,-0.497
2006-10-27,-0.486
2006-11-03,-0.473
2006-11-10,-0.461
2006-11-17,-0.448
2006-11-24,-0.434
2006-12-01,-0.42
2006-12-08,-0.405
2006-12-15,-0.39
2006-12-22,-0.374
2006-12-29,-0.359
2007-01-05,-0.346
2007-01-12,-0.337
2007-01-19,-0.331
2007-01-26,-0.331
2007-02-02,-0.334
2007-02-09,-0.34
2007-02-16,-0.347
2007-02-23,-0.352
2007-03-02,-0.355
2007-03-09,-0.353
2007-03-16,-0.347
2007-03-23,-0.336
2007-03-30,-0.321
2007-04-06,-0.301
2007-04-13,-0.281
2007-04-20,-0.259
2007-04-27,-0.236
2007-05-04,-0.211
2007-05-11,-0.184
2007-05-18,-0.152
2007-05-25,-0.114
2007-06-01,-0.068
2007-06-08,-0.014
2007-06-15,0.049
2007-06-22,0.12
2007-06-29,0.199
2007-07-06,0.283
2007-07-13,0.369
2007-07-20,0.456
2007-07-27,0.54
2007-08-03,0.622
2007-08-10,0.7
2007-08-17,0.776
2007-08-24,0.85
2007-08-31,0.926
2007-09-07,1.002
2007-09-14,1.08
2007-09-21,1.162
2007-09-28,1.248
2007-10-05,1.338
2007-10-12,1.433
2007-10-19,1.531
2007-10-26,1.63
2007-11-02,1.727
2007-11-09,1.82
2007-11-16,1.905
2007-11-23,1.979
2007-11-30,2.04
2007-12-07,2.087
2007-12-14,2.119
2007-12-21,2.136
2007-12-28,2.139
2008-01-04,2.133
2008-01-11,2.119
2008-01-18,2.105
2008-01-25,2.092
2008-02-01,2.086
2008-02-08,2.089
2008-02-15,2.1
2008-02-22,2.117
2008-02-29,2.139
2008-03-07,2.163
2008-03-14,2.186
2008-03-21,2.208
2008-03-28,2.233
2008-04-04,2.258
2008-04-11,2.29
2008-04-18,2.328
2008-04-25,2.376
2008-05-02,2.434
2008-05-09,2.501
2008-05-16,2.574
2008-05-23,2.651
2008-05-30,2.725
2008-06-06,2.793
2008-06-13,2.849
2008-06-20,2.89
2008-06-27,2.912
2008-07-04,2.913
2008-07-11,2.894
2008-07-18,2.856
2008-07-25,2.805
2008-08-01,2.743
2008-08-08,2.678
2008-08-15,2.613
2008-08-22,2.555
2008-08-29,2.506
2008-09-05,2.473
2008-09-12,2.458
2008-09-19,2.465
2008-09-26,2.494
2008-10-03,2.544
2008-10-10,2.613
2008-10-17,2.695
2008-10-24,2.788
2008-10-31,2.886
2008-11-07,2.984
2008-11-14,3.079
2008-11-21,3.168
2008-11-28,3.249
2008-12-05,3.324
2008-12-12,3.397
2008-12-19,3.468
2008-12-26,3.542
2009-01-02,3.618
2009-01-09,3.695
2009-01-16,3.77
2009-01-23,3.838
2009-01-30,3.891
2009-02-06,3.923
2009-02-13,3.929
2009-02-20,3.901
2009-02-27,3.835
2009-03-06,3.734
2009-03-13,3.595
2009-03-20,3.427
2009-03-27,3.235
2009-04-03,3.029
2009-04-10,2.817
2009-04-17,2.608
2009-04-24,2.409
2009-05-01,2.225
2009-05-08,2.059
2009-05-15,1.915
2009-05-22,1.791
2009-05-29,1.686
2009-06-05,1.595
2009-06-12,1.515
2009-06-19,1.442
2009-06-26,1.372
2009-07-03,1.302
2009-07-10,1.229
2009-07-17,1.153
2009-07-24,1.074
2009-07-31,0.994
2009-08-07,0.914
2009-08-14,0.839
2009-08-21,0.77
2009-08-28,0.71
2009-09-04,0.661
2009-09-11,0.622
2009-09-18,0.594
2009-09-25,0.577
2009-10-02,0.57
2009-10-09,0.572
2009-10-16,0.58
2009-10-23,0.592
2009-10-30,0.607
2009-11-06,0.623
2009-11-13,0.637
2009-11-20,0.649
2009-11-27,0.658
2009-12-04,0.663
2009-12-11,0.664
2009-12-18,0.661
2009-12-25,0.653
2010-01-01,0.64
2010-01-08,0.622
2010-01-15,0.597
2010-01-22,0.565
2010-01-29,0.526
2010-02-05,0.479
2010-02-12,0.426
2010-02-19,0.367
2010-02-26,0.304
2010-03-05,0.24
2010-03-12,0.178
2010-03-19,0.122
2010-03-26,0.073
2010-04-02,0.034
2010-04-09,0.007
2010-04-16,-0.009
2010-04-23,-0.014
2010-04-30,-0.011
2010-05-07,-0.002
2010-05-14,0.011
2010-05-21,0.024
2010-05-28,0.035
2010-06-04,0.043
2010-06-11,0.047
2010-06-18,0.047
2010-06-25,0.042
2010-07-02,0.035
2010-07-09,0.024
2010-07-16,0.012
2010-07-23,-0.001
2010-07-30,-0.013
2010-08-06,-0.025
2010-08-13,-0.035
2010-08-20,-0.043
2010-08-27,-0.047
2010-09-03,-0.047
2010-09-10,-0.043
2010-09-17,-0.034
2010-09-24,-0.019
2010-10-01,-0.001
2010-10-08,0.02
2010-10-15,0.042
2010-10-22,0.063
2010-10-29,0.081
2010-11-05,0.095
2010-11-12,0.103
2010-11-19,0.104
2010-11-26,0.097
2010-12-03,0.084
2010-12-10,0.065
2010-12-17,0.041
2010-12-24,0.014
2010-12-31,-0.013
2011-01-07,-0.04
2011-01-14,-0.064
2011-01-21,-0.084
2011-01-28,-0.1
2011-02-04,-0.112
2011-02-11,-0.118
2011-02-18,-0.118
2011-02-25,-0.113
2011-03-04,-0.103
2011-03-11,-0.088
2011-03-18,-0.069
2011-03-25,-0.047
2011-04-01,-0.022
2011-04-08,0.004
2011-04-15,0.029
2011-04-22,0.053
2011-04-29,0.075
2011-05-06,0.094
2011-05-13,0.111
2011-05-20,0.126
2011-05-27,0.141
2011-06-03,0.158
2011-06-10,0.18
2011-06-17,0.208
2011-06-24,0.245
2011-07-01,0.293
2011-07-08,0.353
2011-07-15,0.424
2011-07-22,0.505
2011-07-29,0.593
2011-08-05,0.684
2011-08-12,0.775
2011-08-19,0.861
2011-08-26,0.936
2011-09-02,0.999
2011-09-09,1.045
2011-09-16,1.075
2011-09-23,1.088
2011-09-30,1.083
2011-10-07,1.062
2011-10-14,1.028
2011-10-21,0.983
2011-10-28,0.929
2011-11-04,0.87
2011-11-11,0.809
2011-11-18,0.747
2011-11-25,0.686
2011-12-02,0.627
2011-12-09,0.569
2011-12-16,0.514
2011-12-23,0.461
2011-12-30,0.409
2012-01-06,0.36
2012-01-13,0.313
2012-01-20,0.269
2012-01-27,0.229
2012-02-03,0.194
2012-02-10,0.164
2012-02-17,0.14
2012-02-24,0.121
2012-03-02,0.109
2012-03-09,0.102
2012-03-16,0.102
2012-03-23,0.108
2012-03-30,0.12
2012-04-06,0.137
2012-04-13,0.158
2012-04-20,0.181
2012-04-27,0.204
2012-05-04,0.226
2012-05-11,0.245
2012-05-18,0.26
2012-05-25,0.27
2012-06-01,0.274
2012-06-08,0.272
2012-06-15,0.266
2012-06-22,0.257
2012-06-29,0.246
2012-07-06,0.234
2012-07-13,0.222
2012-07-20,0.211
2012-07-27,0.201
2012-08-03,0.193
2012-08-10,0.186
2012-08-17,0.178
2012-08-24,0.17
2012-08-31,0.161
2012-09-07,0.151
2012-09-14,0.138
2012-09-21,0.123
2012-09-28,0.105
2012-10-05,0.084
2012-10-12,0.06
2012-10-19,0.034
2012-10-26,0.005
2012-11-02,-0.026
2012-11-09,-0.059
2012-11-16,-0.095
2012-11-23,-0.132
2012-11-30,-0.17
2012-12-07,-0.208
2012-12-14,-0.246
2012-12-21,-0.282
2012-12-28,-0.315
2013-01-04,-0.344
2013-01-11,-0.367
2013-01-18,-0.385
2013-01-25,-0.396
2013-02-01,-0.403
2013-02-08,-0.406
2013-02-15,-0.405
2013-02-22,-0.403
2013-03-01,-0.4
2013-03-08,-0.397
2013-03-15,-0.394
2013-03-22,-0.392
2013-03-29,-0.39
2013-04-05,-0.39
2013-04-12,-0.391
2013-04-19,-0.395
2013-04-26,-0.403
2013-05-03,-0.415
2013-05-10,-0.432
2013-05-17,-0.454
2013-05-24,-0.482
2013-05-31,-0.514
2013-06-07,-0.551
2013-06-14,-0.59
2013-06-21,-0.63
2013-06-28,-0.671
2013-07-05,-0.709
2013-07-12,-0.742
2013-07-19,-0.768
2013-07-26,-0.787
2013-08-02,-0.798
2013-08-09,-0.799
2013-08-16,-0.79
2013-08-23,-0.773
2013-08-30,-0.747
2013-09-06,-0.715
2013-09-13,-0.676
2013-09-20,-0.635
2013-09-27,-0.591
2013-10-04,-0.549
2013-10-11,-0.509
2013-10-18,-0.473
2013-10-25,-0.442
2013-11-01,-0.416
2013-11-08,-0.395
2013-11-15,-0.379
2013-11-22,-0.366
2013-11-29,-0.356
2013-12-06,-0.346
2013-12-13,-0.337
2013-12-20,-0.326
2013-12-27,-0.314
2014-01-03,-0.3
2014-01-10,-0.285
2014-01-17,-0.268
2014-01-24,-0.253
2014-01-31,-0.238
2014-02-07,-0.227
2014-02-14,-0.219
2014-02-21,-0.217
2014-02-28,-0.222
2014-03-07,-0.232
2014-03-14,-0.248
2014-03-21,-0.268
2014-03-28,-0.292
2014-04-04,-0.316
2014-04-11,-0.341
2014-04-18,-0.364
2014-04-25,-0.384
2014-05-02,-0.4
2014-05-09,-0.411
2014-05-16,-0.415
2014-05-23,-0.413
2014-05-30,-0.404
2014-06-06,-0.387
2014-06-13,-0.365
2014-06-20,-0.339
2014-06-27,-0.309
2014-07-04,-0.281
2014-07-11,-0.255
2014-07-18,-0.234
2014-07-25,-0.22
2014-08-01,-0.213
2014-08-08,-0.213
2014-08-15,-0.219
2014-08-22,-0.23
2014-08-29,-0.243
2014-09-05,-0.256
2014-09-12,-0.266
2014-09-19,-0.271
2014-09-26,-0.271
2014-10-03,-0.265
2014-10-10,-0.255
2014-10-17,-0.241
2014-10-24,-0.225
2014-10-31,-0.21
2014-11-07,-0.197
2014-11-14,-0.186
2014-11-21,-0.179
2014-11-28,-0.177
2014-12-05,-0.179
2014-12-12,-0.186
2014-12-19,-0.196
2014-12-26,-0.209
2015-01-02,-0.224
2015-01-09,-0.242
2015-01-16,-0.261
2015-01-23,-0.28
2015-01-30,-0.297
2015-02-06,-0.312
2015-02-13,-0.323
2015-02-20,-0.33
2015-02-27,-0.331
2015-03-06,-0.327
2015-03-13,-0.319
2015-03-20,-0.307
2015-03-27,-0.293
2015-04-03,-0.278
2015-04-10,-0.263
2015-04-17,-0.249
2015-04-24,-0.238
2015-05-01,-0.231
2015-05-08,-0.228
2015-05-15,-0.228
2015-05-22,-0.232
2015-05-29,-0.238
2015-06-05,-0.246
2015-06-12,-0.252
2015-06-19,-0.256
2015-06-26,-0.255
2015-07-03,-0.249
2015-07-10,-0.235
2015-07-17,-0.214
2015-07-24,-0.185
2015-07-31,-0.149
2015-08-07,-0.108
2015-08-14,-0.064
2015-08-21,-0.021
2015-08-28,0.02
2015-09-04,0.055
2015-09-11,0.081
2015-09-18,0.098
2015-09-25,0.104
2015-10-02,0.1
2015-10-09,0.087
2015-10-16,0.067
2015-10-23,0.041
2015-10-30,0.011
2015-11-06,-0.02
2015-11-13,-0.05
2015-11-20,-0.077
2015-11-27,-0.098
2015-12-04,-0.111
2015-12-11,-0.115
2015-12-18,-0.11
2015-12-25,-0.097
2016-01-01,-0.076
2016-01-08,-0.049
2016-01-15,-0.019
2016-01-22,0.011
2016-01-29,0.041
2016-02-05,0.069
2016-02-12,0.092
2016-02-19,0.11
2016-02-26,0.123
2016-03-04,0.13
2016-03-11,0.131
2016-03-18,0.127
2016-03-25,0.117
2016-04-01,0.102
2016-04-08,0.084
2016-04-15,0.063
2016-04-22,0.043
2016-04-29,0.025
2016-05-06,0.012
2016-05-13,0.004
2016-05-20,0.002
2016-05-27,0.008
2016-06-03,0.02
2016-06-10,0.036
2016-06-17,0.054
2016-06-24,0.073
2016-07-01,0.089
2016-07-08,0.102
2016-07-15,0.11
2016-07-22,0.113
2016-07-29,0.109
2016-08-05,0.101
2016-08-12,0.087
2016-08-19,0.069
2016-08-26,0.047
2016-09-02,0.021
2016-09-09,-0.009
2016-09-16,-0.044
2016-09-23,-0.084
2016-09-30,-0.13
2016-10-07,-0.184
2016-10-14,-0.245
2016-10-21,-0.312
2016-10-28,-0.386
2016-11-04,-0.463
2016-11-11,-0.54
2016-11-18,-0.615
2016-11-25,-0.684
2016-12-02,-0.743
2016-12-09,-0.791
2016-12-16,-0.826
2016-12-23,-0.848
2016-12-30,-0.857
2017-01-06,-0.855
2017-01-13,-0.842
2017-01-20,-0.822
2017-01-27,-0.796
2017-02-03,-0.766
2017-02-10,-0.732
2017-02-17,-0.697
2017-02-24,-0.662
2017-03-03,-0.627
2017-03-10,-0.591
2017-03-17,-0.557
2017-03-24,-0.524
2017-03-31,-0.493
2017-04-07,-0.465
2017-04-14,-0.441
2017-04-21,-0.421
2017-04-28,-0.407
2017-05-05,-0.397
2017-05-12,-0.392
2017-05-19,-0.391
2017-05-26,-0.393
2017-06-02,-0.397
2017-06-09,-0.402
2017-06-16,-0.407
2017-06-23,-0.411
2017-06-30,-0.413
2017-07-07,-0.412
2017-07-14,-0.408
2017-07-21,-0.403
2017-07-28,-0.396
2017-08-04,-0.388
2017-08-11,-0.381
2017-08-18,-0.375
2017-08-25,-0.372
2017-09-01,-0.371
2017-09-08,-0.375
2017-09-15,-0.384
2017-09-22,-0.397
2017-09-29,-0.413
2017-10-06,-0.432
2017-10-13,-0.453
2017-10-20,-0.474
2017-10-27,-0.496
2017-11-03,-0.516
2017-11-10,-0.533
2017-11-17,-0.549
2017-11-24,-0.561
2017-12-01,-0.57
2017-12-08,-0.575
2017-12-15,-0.578
2017-12-22,-0.579
2017-12-29,-0.579
2018-01-05,-0.579
2018-01-12,-0.582
2018-01-19,-0.587
2018-01-26,-0.598
2018-02-02,-0.613
2018-02-09,-0.632
2018-02-16,-0.655
2018-02-23,-0.681
2018-03-02,-0.706
2018-03-09,-0.729
2018-03-16,-0.748
2018-03-23,-0.759
2018-03-30,-0.762
2018-04-06,-0.755
2018-04-13,-0.736
2018-04-20,-0.705
2018-04-27,-0.663
2018-05-04,-0.609
2018-05-11,-0.545
2018-05-18,-0.475
2018-05-25,-0.401
2018-06-01,-0.326
2018-06-08,-0.255
2018-06-15,-0.191
2018-06-22,-0.133
2018-06-29,-0.085
2018-07-06,-0.046
2018-07-13,-0.014
2018-07-20,0.013
2018-07-27,0.035
2018-08-03,0.056
2018-08-10,0.077
2018-08-17,0.099
2018-08-24,0.122
2018-08-31,0.146
2018-09-07,0.172
2018-09-14,0.198
2018-09-21,0.223
2018-09-28,0.245
2018-10-05,0.265
2018-10-12,0.282
2018-10-19,0.296
2018-10-26,0.308
2018-11-02,0.316
2018-11-09,0.322
2018-11-16,0.326
2018-11-23,0.326
2018-11-30,0.322
2018-12-07,0.313
2018-12-14,0.298
2018-12-21,0.274
2018-12-28,0.244
2019-01-04,0.207
2019-01-11,0.166
2019-01-18,0.123
2019-01-25,0.079
2019-02-01,0.038
2019-02-08,0.0
2019-02-15,-0.035
2019-02-22,-0.064
2019-03-01,-0.09
2019-03-08,-0.11
2019-03-15,-0.127
2019-03-22,-0.141
2019-03-29,-0.151
2019-04-05,-0.158
2019-04-12,-0.162
2019-04-19,-0.162
2019-04-26,-0.159
2019-05-03,-0.153
2019-05-10,-0.144
2019-05-17,-0.134
2019-05-24,-0.122
2019-05-31,-0.11
2019-06-07,-0.097
2019-06-14,-0.084
2019-06-21,-0.07
2019-06-28,-0.058
2019-07-05,-0.045
2019-07-12,-0.031
2019-07-19,-0.018
2019-07-26,-0.003
2019-08-02,0.011
2019-08-09,0.026
2019-08-16,0.039
2019-08-23,0.051
2019-08-30,0.06
2019-09-06,0.067
2019-09-13,0.071
2019-09-20,0.072
2019-09-27,0.07
2019-10-04,0.066
2019-10-11,0.06
2019-10-18,0.053
2019-10-25,0.047
2019-11-01,0.044
2019-11-08,0.044
2019-11-15,0.049
2019-11-22,0.058
2019-11-29,0.072
2019-12-06,0.091
2019-12-13,0.114
2019-12-20,0.141
2019-12-27,0.172
2020-01-03,0.206
2020-01-10,0.245
2020-01-17,0.289
2020-01-24,0.339
2020-01-31,0.396
2020-02-07,0.459
2020-02-14,0.529
2020-02-21,0.604
2020-02-28,0.681
2020-03-06,0.756
2020-03-13,0.824
2020-03-20,0.88
2020-03-27,0.922
2020-04-03,0.947
2020-04-10,0.953
2020-04-17,0.943
2020-04-24,0.916
2020-05-01,0.874
2020-05-08,0.818
2020-05-15,0.752
2020-05-22,0.678
2020-05-29,0.6
2020-06-05,0.524
2020-06-12,0.453
2020-06-19,0.39
2020-06-26,0.339
2020-07-03,0.302
2020-07-10,0.278
2020-07-17,0.269
2020-07-24,0.271
2020-07-31,0.285
2020-08-07,0.307
2020-08-14,0.335
2020-08-21,0.367
2020-08-28,0.401
2020-09-04,0.435
2020-09-11,0.467
2020-09-18,0.497
2020-09-25,0.522
2020-10-02,0.542
2020-10-09,0.553
2020-10-16,0.556
2020-10-23,0.55
2020-10-30,0.535
2020-11-06,0.511
2020-11-13,0.478
2020-11-20,0.44
2020-11-27,0.398
2020-12-04,0.353
2020-12-11,0.307
2020-12-18,0.26
2020-12-25,0.213
2021-01-01,0.164
2021-01-08,0.112
2021-01-15,0.056
2021-01-22,-0.006
2021-01-29,-0.074
2021-02-05,-0.148
2021-02-12,-0.227
2021-02-19,-0.308
2021-02-26,-0.386
2021-03-05,-0.459
2021-03-12,-0.522
2021-03-19,-0.574
2021-03-26,-0.612
2021-04-02,-0.637
2021-04-09,-0.65
2021-04-16,-0.654
2021-04-23,-0.65
2021-04-30,-0.641
2021-05-07,-0.627
2021-05-14,-0.609
2021-05-21,-0.588
2021-05-28,-0.562
2021-06-04,-0.531
2021-06-11,-0.494
2021-06-18,-0.452
2021-06-25,-0.406
2021-07-02,-0.357
2021-07-09,-0.308
2021-07-16,-0.262
2021-07-23,-0.222
2021-07-30,-0.19
2021-08-06,-0.168
2021-08-13,-0.158
2021-08-20,-0.159
2021-08-27,-0.172
2021-09-03,-0.195
2021-09-10,-0.227
2021-09-17,-0.265
2021-09-24,-0.307
2021-10-01,-0.347
2021-10-08,-0.383
2021-10-15,-0.411
2021-10-22,-0.43
2021-10-29,-0.439
2021-11-05,-0.437
2021-11-12,-0.428
2021-11-19,-0.414
2021-11-26,-0.397
2021-12-03,-0.38
2021-12-10,-0.368
2021-12-17,-0.36
2021-12-24,-0.36
2021-12-31,-0.368
2022-01-07,-0.384
2022-01-14,-0.406
2022-01-21,-0.434
2022-01-28,-0.466
2022-02-04,-0.499
2022-02-11,-0.532
2022-02-18,-0.562
2022-02-25,-0.586
2022-03-04,-0.603
2022-03-11,-0.612
2022-03-18,-0.611
2022-03-25,-0.598
2022-04-01,-0.573
2022-04-08,-0.536
2022-04-15,-0.488
2022-04-22,-0.43
2022-04-29,-0.365
2022-05-06,-0.295
2022-05-13,-0.222
2022-05-20,-0.151
2022-05-27,-0.083
2022-06-03,-0.021
2022-06-10,0.033
2022-06-17,0.079
2022-06-24,0.113
2022-07-01,0.136
2022-07-08,0.147
2022-07-15,0.147
2022-07-22,0.138
2022-07-29,0.123
2022-08-05,0.104
2022-08-12,0.082
2022-08-19,0.062
2022-08-26,0.043
2022-09-02,0.027
2022-09-09,0.013
2022-09-16,0.002
2022-09-23,-0.008
2022-09-30,-0.018
2022-10-07,-0.028
2022-10-14,-0.041
2022-10-21,-0.055
2022-10-28,-0.072
2022-11-04,-0.092
2022-11-11,-0.113
2022-11-18,-0.137
2022-11-25,-0.163
2022-12-02,-0.191
2022-12-09,-0.223
2022-12-16,-0.258
2022-12-23,-0.295
2022-12-30,-0.333
2023-01-06,-0.369
2023-01-13,-0.401
2023-01-20,-0.425
2023-01-27,-0.439
2023-02-03,-0.44
2023-02-10,-0.426
2023-02-17,-0.396
2023-02-24,-0.348
2023-03-03,-0.284
2023-03-10,-0.205
2023-03-17,-0.111
2023-03-24,-0.006
2023-03-31,0.108
2023-04-07,0.229
2023-04-14,0.356
2023-04-21,0.486
2023-04-28,0.615
2023-05-05,0.74
2023-05-12,0.854
2023-05-19,0.954
2023-05-26,1.035
2023-06-02,1.094
2023-06-09,1.126
2023-06-16,1.13
2023-06-23,1.107
2023-06-30,1.056
2023-07-07,0.981
2023-07-14,0.885
2023-07-21,0.775
2023-07-28,0.656
2023-08-04,0.536
2023-08-11,0.423
2023-08-18,0.321
2023-08-25,0.235
2023-09-01,0.167
2023-09-08,0.117
2023-09-15,0.085
2023-09-22,0.067
2023-09-29,0.061
2023-10-06,0.064
2023-10-13,0.072
2023-10-20,0.081
2023-10-27,0.089
2023-11-03,0.096
2023-11-10,0.099
2023-11-17,0.098
2023-11-24,0.093
2023-12-01,0.084
2023-12-08,0.07
2023-12-15,0.053
2023-12-22,0.033
2023-12-29,0.012
2024-01-05,-0.009
2024-01-12,-0.03
2024-01-19,-0.048
2024-01-26,-0.064
2024-02-02,-0.078
2024-02-09,-0.09
2024-02-16,-0.101
2024-02-23,-0.111
2024-03-01,-0.121
2024-03-08,-0.131
2024-03-15,-0.143
2024-03-22,-0.156
2024-03-29,-0.17
2024-04-05,-0.185
2024-04-12,-0.198
2024-04-19,-0.21
2024-04-26,-0.217
2024-05-03,-0.22
2024-05-10,-0.217
2024-05-17,-0.206
2024-05-24,-0.191
2024-05-31,-0.17
2024-06-07,-0.146
2024-06-14,-0.122
2024-06-21,-0.101
2024-06-28,-0.086
2024-07-05,-0.078
2024-07-12,-0.079
2024-07-19,-0.089
2024-07-26,-0.106
2024-08-02,-0.13
2024-08-09,-0.159
2024-08-16,-0.192
2024-08-23,-0.227
2024-08-30,-0.26
2024-09-06,-0.29
2024-09-13,-0.315
2024-09-20,-0.334
2024-09-27,-0.345
2024-10-04,-0.349
2024-10-11,-0.346
2024-10-18,-0.335
2024-10-25,-0.318
2024-11-01,-0.298
2024-11-08,-0.276
2024-11-15,-0.255
2024-11-22,-0.238
2024-11-29,-0.227
2024-12-06,-0.225
2024-12-13,-0.23
2024-12-20,-0.246
2024-12-27,-0.269
2025-01-03,-0.299
2025-01-10,-0.333
2025-01-17,-0.369
2025-01-24,-0.403
2025-01-31,-0.433
2025-02-07,-0.457
2025-02-14,-0.474
2025-02-21,-0.484
2025-02-28,-0.486
2025-03-07,-0.482
2025-03-14,-0.474
2025-03-21,-0.463
2025-03-28,-0.452
2025-04-04,-0.442
2025-04-11,-0.435
2025-04-18,-0.433
2025-04-25,-0.435
2025-05-02,-0.443
2025-05-09,-0.455
2025-05-16,-0.47
2025-05-23,-0.486
2025-05-30,-0.503
2025-06-06,-0.52
2025-06-13,-0.534
2025-06-20,-0.546
2025-06-27,-0.555
2025-07-04,-0.559
2025-07-11,-0.559
2025-07-18,-0.553
2025-07-25,-0.543
2025-08-01,-0.53
2025-08-08,-0.513
2025-08-15,-0.494
2025-08-22,-0.473
2025-08-29,-0.451
2025-09-05,-0.426
2025-09-12,-0.4
2025-09-19,-0.37
2025-09-26,-0.339
2025-10-03,-0.306
2025-10-10,-0.272
2025-10-17,-0.239
2025-10-24,-0.208
2025-10-31,-0.179
2025-11-07,-0.156
2025-11-14,-0.138
2025-11-21,-0.125
2025-11-28,-0.118
2025-12-05,-0.116
2025-12-12,-0.117
2025-12-19,-0.119
2025-12-26,-0.123
2026-01-02,-0.125
2026-01-09,-0.126
2026-01-16,-0.126
2026-01-23,-0.124
2026-01-30,-0.121
2026-02-06,-0.117
2026-02-13,-0.11
2026-02-20,-0.103
2026-02-27,-0.092
2026-03-06,-0.079
2026-03-13,-0.061
2026-03-20,-0.038
2026-03-27,-0.009
2026-04-03,0.028
2026-04-10,0.071
2026-04-17,0.12
2026-04-24,0.171
2026-05-01,0.223
2026-05-08,0.272
2026-05-15,0.315
2026-05-22,0.349
2026-05-29,0.373
2026-06-05,0.386
2026-06-12,0.389
2026-06-19,0.382
2026-06-26,0.368
2026-07-03,0.349
2026-07-10,0.327
