date,composite,couverture
1881-01-01,,0.0
1881-02-01,,0.0
1881-03-01,,0.0
1881-04-01,,0.0
1881-05-01,,0.0
1881-06-01,,0.0
1881-07-01,,0.0
1881-08-01,,0.0
1881-09-01,,0.0
1881-10-01,,0.0
1881-11-01,,0.0
1881-12-01,,0.0
1882-01-01,,0.0
1882-02-01,,0.0
1882-03-01,,0.0
1882-04-01,,0.0
1882-05-01,,0.0
1882-06-01,,0.0
1882-07-01,,0.0
1882-08-01,,0.0
1882-09-01,,0.0
1882-10-01,,0.0
1882-11-01,,0.0
1882-12-01,,0.0
1883-01-01,,0.0
1883-02-01,,0.0
1883-03-01,,0.0
1883-04-01,,0.0
1883-05-01,,0.0
1883-06-01,,0.0
1883-07-01,,0.0
1883-08-01,,0.0
1883-09-01,,0.0
1883-10-01,,0.0
1883-11-01,,0.0
1883-12-01,,0.0
1884-01-01,,0.0
1884-02-01,,0.0
1884-03-01,,0.0
1884-04-01,,0.0
1884-05-01,,0.0
1884-06-01,,0.0
1884-07-01,,0.0
1884-08-01,,0.0
1884-09-01,,0.0
1884-10-01,,0.0
1884-11-01,,0.0
1884-12-01,,0.0
1885-01-01,,0.0
1885-02-01,,0.0
1885-03-01,,0.0
1885-04-01,,0.0
1885-05-01,,0.0
1885-06-01,,0.0
1885-07-01,,0.0
1885-08-01,,0.0
1885-09-01,,0.0
1885-10-01,,0.0
1885-11-01,,0.0
1885-12-01,,0.0
1886-01-01,,0.0
1886-02-01,,0.0
1886-03-01,,0.0
1886-04-01,,0.0
1886-05-01,,0.0
1886-06-01,,0.0
1886-07-01,,0.0
1886-08-01,,0.0
1886-09-01,,0.0
1886-10-01,,0.0
1886-11-01,,0.0
1886-12-01,,0.0
1887-01-01,,0.0
1887-02-01,,0.0
1887-03-01,,0.0
1887-04-01,,0.0
1887-05-01,,0.0
1887-06-01,,0.0
1887-07-01,,0.0
1887-08-01,,0.0
1887-09-01,,0.0
1887-10-01,,0.0
1887-11-01,,0.0
1887-12-01,,0.0
1888-01-01,,0.0
1888-02-01,,0.0
1888-03-01,,0.0
1888-04-01,,0.0
1888-05-01,,0.0
1888-06-01,,0.0
1888-07-01,,0.0
1888-08-01,,0.0
1888-09-01,,0.0
1888-10-01,,0.0
1888-11-01,,0.0
1888-12-01,,0.0
1889-01-01,,0.0
1889-02-01,,0.0
1889-03-01,,0.0
1889-04-01,,0.0
1889-05-01,,0.0
1889-06-01,,0.0
1889-07-01,,0.0
1889-08-01,,0.0
1889-09-01,,0.0
1889-10-01,,0.0
1889-11-01,,0.0
1889-12-01,,0.0
1890-01-01,,0.0
1890-02-01,,0.0
1890-03-01,,0.0
1890-04-01,,0.0
1890-05-01,,0.0
1890-06-01,,0.0
1890-07-01,,0.0
1890-08-01,,0.0
1890-09-01,,0.0
1890-10-01,,0.0
1890-11-01,,0.0
1890-12-01,-1.0412065092908065,0.0851940913775335
1891-01-01,-0.3689467798678127,0.0851940913775335
1891-02-01,-0.334971267833381,0.0851940913775335
1891-03-01,-0.6225127618683798,0.0851940913775335
1891-04-01,-0.375391764036275,0.0851940913775335
1891-05-01,-0.2656765667219999,0.0851940913775335
1891-06-01,-0.20140008705707532,0.0851940913775335
1891-07-01,-0.22843495579212275,0.0851940913775335
1891-08-01,0.15161025520614388,0.0851940913775335
1891-09-01,1.2223089845915864,0.0851940913775335
1891-10-01,1.2142731514362575,0.0851940913775335
1891-11-01,1.1722427836999847,0.0851940913775335
1891-12-01,1.5246644070392965,0.0851940913775335
1892-01-01,2.044355092758212,0.0851940913775335
1892-02-01,2.0185299360844335,0.0851940913775335
1892-03-01,2.4278325548242545,0.0851940913775335
1892-04-01,2.494519043062233,0.0851940913775335
1892-05-01,2.411214934693403,0.0851940913775335
1892-06-01,2.267980163025702,0.0851940913775335
1892-07-01,1.8859671497983328,0.0851940913775335
1892-08-01,1.8511470024895937,0.0851940913775335
1892-09-01,1.5184161946979038,0.0851940913775335
1892-10-01,1.7066619827811265,0.0851940913775335
1892-11-01,1.3416506275603974,0.0851940913775335
1892-12-01,1.06005123124969,0.0851940913775335
1893-01-01,0.8385917724186107,0.0851940913775335
1893-02-01,0.5131744884459055,0.0851940913775335
1893-03-01,0.37417560613950945,0.0851940913775335
1893-04-01,0.49618439229805583,0.0851940913775335
1893-05-01,-0.3128521860551308,0.0851940913775335
1893-06-01,-0.5346876446159126,0.0851940913775335
1893-07-01,-1.1826658772745422,0.0851940913775335
1893-08-01,-1.0289942265091272,0.0851940913775335
1893-09-01,-0.7640642871576645,0.0851940913775335
1893-10-01,-0.6013349501461801,0.0851940913775335
1893-11-01,-0.18656609349611053,0.0851940913775335
1893-12-01,-0.3893890680646831,0.0851940913775335
1894-01-01,-0.30930783613592827,0.0851940913775335
1894-02-01,-0.020868466095897927,0.0851940913775335
1894-03-01,0.5921694241641133,0.0851940913775335
1894-04-01,0.7433797279935347,0.0851940913775335
1894-05-01,0.3494894798717536,0.0851940913775335
1894-06-01,0.2214630600874369,0.0851940913775335
1894-07-01,0.021670573306395952,0.0851940913775335
1894-08-01,0.12763453485733672,0.0851940913775335
1894-09-01,0.16807006249252165,0.0851940913775335
1894-10-01,0.15523597126583757,0.0851940913775335
1894-11-01,0.18014002459108044,0.0851940913775335
1894-12-01,0.2623396763272804,0.0851940913775335
1895-01-01,0.16679072370956588,0.0851940913775335
1895-02-01,0.04225192922519549,0.0851940913775335
1895-03-01,0.0636290928581372,0.0851940913775335
1895-04-01,0.07824611731090775,0.0851940913775335
1895-05-01,0.5263914621534177,0.0851940913775335
1895-06-01,0.6067062996865396,0.0851940913775335
1895-07-01,0.8235710255015484,0.0851940913775335
1895-08-01,1.1604688096243627,0.0851940913775335
1895-09-01,1.2339118442312675,0.0851940913775335
1895-10-01,1.061062981436017,0.0851940913775335
1895-11-01,0.6667073822391079,0.0851940913775335
1895-12-01,0.14828039836345208,0.0851940913775335
1896-01-01,0.1659891761936135,0.0851940913775335
1896-02-01,0.7781543518871251,0.0851940913775335
1896-03-01,0.5902437385063037,0.0851940913775335
1896-04-01,0.856583813699659,0.0851940913775335
1896-05-01,0.9728428472247854,0.0851940913775335
1896-06-01,0.9347508792016359,0.0851940913775335
1896-07-01,0.18363870429481263,0.0851940913775335
1896-08-01,-0.43113598275025683,0.0851940913775335
1896-09-01,0.12466778549660407,0.0851940913775335
1896-10-01,0.054590500985423424,0.0851940913775335
1896-11-01,0.48550891026030585,0.0851940913775335
1896-12-01,0.09355851340267,0.0851940913775335
1897-01-01,0.4428977306426488,0.0851940913775335
1897-02-01,0.3531972427378974,0.0851940913775335
1897-03-01,0.3949602677671203,0.0851940913775335
1897-04-01,0.2187981710105337,0.0851940913775335
1897-05-01,0.45388135303958405,0.0851940913775335
1897-06-01,0.9909605698004242,0.0851940913775335
1897-07-01,1.519385311785178,0.0851940913775335
1897-08-01,1.740085695728033,0.0851940913775335
1897-09-01,1.9609807224164142,0.0851940913775335
1897-10-01,1.7150683294522628,0.0851940913775335
1897-11-01,1.2639906766063955,0.0851940913775335
1897-12-01,1.5094738519522066,0.0851940913775335
1898-01-01,1.8193248277614131,0.0851940913775335
1898-02-01,1.5889486459000426,0.0851940913775335
1898-03-01,1.0127471081592543,0.0851940913775335
1898-04-01,0.7898530421581176,0.0851940913775335
1898-05-01,0.7158189439842139,0.0851940913775335
1898-06-01,1.9661716195857553,0.0851940913775335
1898-07-01,2.1409989595038432,0.0851940913775335
1898-08-01,2.536405649772339,0.0851940913775335
1898-09-01,2.430983040669293,0.0851940913775335
1898-10-01,2.0932074202641475,0.0851940913775335
1898-11-01,2.4148311917313476,0.0851940913775335
1898-12-01,2.888981815349463,0.0851940913775335
1899-01-01,3.682583464766999,0.0851940913775335
1899-02-01,3.6259731999057534,0.0851940913775335
1899-03-01,3.6334846383458403,0.0851940913775335
1899-04-01,3.4562329251725883,0.0851940913775335
1899-05-01,2.8247084347311815,0.0851940913775335
1899-06-01,2.324001469266412,0.0851940913775335
1899-07-01,2.4671335661632585,0.0851940913775335
1899-08-01,2.510570416039157,0.0851940913775335
1899-09-01,1.908556746728062,0.0851940913775335
1899-10-01,1.6713927253790606,0.0851940913775335
1899-11-01,1.6787584076678492,0.0851940913775335
1899-12-01,0.8245346567380796,0.0851940913775335
1900-01-01,0.9026976110772018,0.0851940913775335
1900-02-01,0.9139703887961328,0.0851940913775335
1900-03-01,0.9465103140074236,0.0851940913775335
1900-04-01,1.0232893059583192,0.0851940913775335
1900-05-01,0.750801947923622,0.0851940913775335
1900-06-01,0.5412825912041741,0.0851940913775335
1900-07-01,0.3864683979990289,0.0851940913775335
1900-08-01,0.5780823802771953,0.0851940913775335
1900-09-01,0.20707229622789028,0.0851940913775335
1900-10-01,0.5934184263745852,0.0851940913775335
1900-11-01,1.2595164053477563,0.0851940913775335
1900-12-01,1.9163864939452429,0.0851940913775335
1901-01-01,2.01386817983623,0.0851940913775335
1901-02-01,2.335172712246897,0.0851940913775335
1901-03-01,2.625153546402795,0.0851940913775335
1901-04-01,3.5394735377243904,0.0851940913775335
1901-05-01,2.8377116887907126,0.0851940913775335
1901-06-01,3.7482184075780665,0.0851940913775335
1901-07-01,2.734130343404969,0.0851940913775335
1901-08-01,2.6588498360404746,0.0851940913775335
1901-09-01,2.4064935481307956,0.0851940913775335
1901-10-01,2.2290879099724368,0.0851940913775335
1901-11-01,2.255101174228114,0.0851940913775335
1901-12-01,1.9324327108782215,0.0851940913775335
1902-01-01,2.194101821488789,0.0851940913775335
1902-02-01,2.219383321761326,0.0851940913775335
1902-03-01,2.173373813764008,0.0851940913775335
1902-04-01,2.3193337483134244,0.0851940913775335
1902-05-01,2.129306136344897,0.0851940913775335
1902-06-01,1.9172284631113587,0.0851940913775335
1902-07-01,2.0714779601191444,0.0851940913775335
1902-08-01,2.364929362961883,0.0851940913775335
1902-09-01,2.2114481256896052,0.0851940913775335
1902-10-01,1.287996988272988,0.0851940913775335
1902-11-01,1.2027161763479037,0.0851940913775335
1902-12-01,0.8847595333408126,0.0851940913775335
1903-01-01,1.1579501971808488,0.0851940913775335
1903-02-01,1.0679001801664778,0.0851940913775335
1903-03-01,0.9739909616573684,0.0851940913775335
1903-04-01,0.6051522797585527,0.0851940913775335
1903-05-01,0.5934277681890716,0.0851940913775335
1903-06-01,0.13067045121629162,0.0851940913775335
1903-07-01,-0.23602063956241745,0.0851940913775335
1903-08-01,-0.4877895969159444,0.0851940913775335
1903-09-01,-0.7493887797320616,0.0851940913775335
1903-10-01,-0.9106721447295301,0.0851940913775335
1903-11-01,-0.8445817039349883,0.0851940913775335
1903-12-01,-0.5829756950873802,0.0851940913775335
1904-01-01,-0.6555555328200262,0.0851940913775335
1904-02-01,-0.9970449179488928,0.0851940913775335
1904-03-01,-0.9688450966993155,0.0851940913775335
1904-04-01,-0.7680609703462036,0.0851940913775335
1904-05-01,-0.7821143957441212,0.0851940913775335
1904-06-01,-0.8009096464367663,0.0851940913775335
1904-07-01,-0.5683051608069032,0.0851940913775335
1904-08-01,-0.45680307477726545,0.0851940913775335
1904-09-01,-0.2755792199315008,0.0851940913775335
1904-10-01,0.09233085853706101,0.0851940913775335
1904-11-01,0.2752220039103811,0.0851940913775335
1904-12-01,0.3092507125814499,0.0851940913775335
1905-01-01,0.4330323403486845,0.0851940913775335
1905-02-01,0.7260628826570646,0.0851940913775335
1905-03-01,0.9983964778657739,0.0851940913775335
1905-04-01,0.8507759222861296,0.0851940913775335
1905-05-01,0.49430414923032384,0.0851940913775335
1905-06-01,0.5374823083733404,0.0851940913775335
1905-07-01,0.7318075415194606,0.0851940913775335
1905-08-01,0.8826663231254831,0.0851940913775335
1905-09-01,0.95073962422448,0.0851940913775335
1905-10-01,1.0116269530683746,0.0851940913775335
1905-11-01,0.819594452290597,0.0851940913775335
1905-12-01,0.873248398389572,0.0851940913775335
1906-01-01,1.1011718314156564,0.0851940913775335
1906-02-01,0.9868159623745163,0.0851940913775335
1906-03-01,0.7309307528215393,0.0851940913775335
1906-04-01,0.5692554401300933,0.0851940913775335
1906-05-01,0.22431564474880056,0.0851940913775335
1906-06-01,0.2736254530751154,0.0851940913775335
1906-07-01,0.2826011948546256,0.0851940913775335
1906-08-01,0.6062946798675379,0.0851940913775335
1906-09-01,0.7030996904273824,0.0851940913775335
1906-10-01,0.23636013239908815,0.0851940913775335
1906-11-01,0.2555535007284867,0.0851940913775335
1906-12-01,0.05161287862816576,0.0851940913775335
1907-01-01,-0.135081486584418,0.0851940913775335
1907-02-01,-0.5591162862087179,0.0851940913775335
1907-03-01,-1.2042819860037033,0.0851940913775335
1907-04-01,-1.2071309243021413,0.0851940913775335
1907-05-01,-1.5716336977715344,0.0851940913775335
1907-06-01,-1.8322928854960532,0.0851940913775335
1907-07-01,-1.6369046680879844,0.0851940913775335
1907-08-01,-2.0702020138712105,0.0851940913775335
1907-09-01,-2.1289355829343046,0.0851940913775335
1907-10-01,-2.7155321835600823,0.0851940913775335
1907-11-01,-2.776358069368582,0.0851940913775335
1907-12-01,-2.4470428906224972,0.0851940913775335
1908-01-01,-2.196709223105059,0.0851940913775335
1908-02-01,-2.3136997657484746,0.0851940913775335
1908-03-01,-2.1239501448846654,0.0851940913775335
1908-04-01,-1.9256394433085107,0.0851940913775335
1908-05-01,-1.6670532680275325,0.0851940913775335
1908-06-01,-1.6679524701713846,0.0851940913775335
1908-07-01,-1.544454893818366,0.0851940913775335
1908-08-01,-1.3274977109034072,0.0851940913775335
1908-09-01,-1.3929417270408362,0.0851940913775335
1908-10-01,-1.3909453303784038,0.0851940913775335
1908-11-01,-1.0964783354178913,0.0851940913775335
1908-12-01,-1.0356541488716582,0.0851940913775335
1909-01-01,-0.9618228215933741,0.0851940913775335
1909-02-01,-1.1908810071388405,0.0851940913775335
1909-03-01,-1.1211823145421318,0.0851940913775335
1909-04-01,-0.9975872451358707,0.0851940913775335
1909-05-01,-0.8749822078515296,0.0851940913775335
1909-06-01,-0.8389438950246166,0.0851940913775335
1909-07-01,-0.7625544550932369,0.0851940913775335
1909-08-01,-0.6883511273064715,0.0851940913775335
1909-09-01,-0.7504540100979361,0.0851940913775335
1909-10-01,-0.8522724307990417,0.0851940913775335
1909-11-01,-0.9449123536640429,0.0851940913775335
1909-12-01,-0.9403955483433988,0.0851940913775335
1910-01-01,-1.0168298498356036,0.0851940913775335
1910-02-01,-1.2261933924497836,0.0851940913775335
1910-03-01,-1.2032009722092942,0.0851940913775335
1910-04-01,-1.3890664095086767,0.0851940913775335
1910-05-01,-1.3798705849355948,0.0851940913775335
1910-06-01,-1.5861268737817196,0.0851940913775335
1910-07-01,-1.8382016674622472,0.0851940913775335
1910-08-01,-1.6730675573238531,0.0851940913775335
1910-09-01,-1.5908037384255531,0.0851940913775335
1910-10-01,-1.2076197896320555,0.0851940913775335
1910-11-01,-1.1093752463683426,0.0851940913775335
1910-12-01,-1.2679232821554824,0.0851940913775335
1911-01-01,-1.145642321224815,0.0851940913775335
1911-02-01,-0.8844978230110544,0.0851940913775335
1911-03-01,-1.0168306825608442,0.0851940913775335
1911-04-01,-0.8674325999452196,0.0851940913775335
1911-05-01,-0.7522202888796984,0.0851940913775335
1911-06-01,-0.6427256236184082,0.0851940913775335
1911-07-01,-0.7358329959598662,0.0851940913775335
1911-08-01,-1.188920330981787,0.0851940913775335
1911-09-01,-1.5300361971030323,0.0851940913775335
1911-10-01,-1.4970302584624053,0.0851940913775335
1911-11-01,-1.2383390281859155,0.0851940913775335
1911-12-01,-1.1573277667816944,0.0851940913775335
1912-01-01,-1.2049416023069057,0.0851940913775335
1912-02-01,-1.3013228166371422,0.0851940913775335
1912-03-01,-1.2555078328773996,0.0851940913775335
1912-04-01,-1.2456522571991688,0.0851940913775335
1912-05-01,-1.2448245764213506,0.0851940913775335
1912-06-01,-1.1874724075554237,0.0851940913775335
1912-07-01,-1.1770708289364569,0.0851940913775335
1912-08-01,-1.1042969810446714,0.0851940913775335
1912-09-01,-1.1232956345012526,0.0851940913775335
1912-10-01,-1.1280208419527133,0.0851940913775335
1912-11-01,-1.1836979862519643,0.0851940913775335
1912-12-01,-1.3166048723876602,0.0851940913775335
1913-01-01,-1.403028331026881,0.0851940913775335
1913-02-01,-1.5730384295913356,0.0851940913775335
1913-03-01,-1.6560041901526905,0.0851940913775335
1913-04-01,-1.6519378910883122,0.0851940913775335
1913-05-01,-1.723161613230672,0.0851940913775335
1913-06-01,-1.9857500526382261,0.0851940913775335
1913-07-01,-1.957705645665295,0.0851940913775335
1913-08-01,-1.830264321622713,0.0851940913775335
1913-09-01,-1.821477148931551,0.0851940913775335
1913-10-01,-1.9479547485767847,0.0851940913775335
1913-11-01,-2.0817584330634236,0.0851940913775335
1913-12-01,-2.0309662454608426,0.0851940913775335
1914-01-01,-1.8505270582356215,0.0851940913775335
1914-02-01,-1.7410629309985293,0.0851940913775335
1914-03-01,-1.813445127452926,0.0851940913775335
1914-04-01,-1.8623593650842265,0.0851940913775335
1914-05-01,-1.867680930270738,0.0851940913775335
1914-06-01,-1.8752761320790317,0.0851940913775335
1914-07-01,-2.1259555428757895,0.0851940913775335
1914-08-01,-2.1829761418635547,0.0851940913775335
1914-09-01,-2.164569722021176,0.0851940913775335
1914-10-01,-2.1102122012213718,0.0851940913775335
1914-11-01,-2.129577600722948,0.0851940913775335
1914-12-01,-2.2347648328031475,0.0851940913775335
1915-01-01,-2.153764881368264,0.0851940913775335
1915-02-01,-2.1493760343880197,0.0851940913775335
1915-03-01,-2.005526647605017,0.0851940913775335
1915-04-01,-1.7557503829359673,0.0851940913775335
1915-05-01,-1.8749927559668518,0.0851940913775335
1915-06-01,-1.821444817751749,0.0851940913775335
1915-07-01,-1.8258130363449478,0.0851940913775335
1915-08-01,-1.6565337400462545,0.0851940913775335
1915-09-01,-1.5044159070717922,0.0851940913775335
1915-10-01,-1.3162344429444695,0.0851940913775335
1915-11-01,-1.2072000759079264,0.0851940913775335
1915-12-01,-1.1966383789132538,0.0851940913775335
1916-01-01,-1.3067360905223506,0.0851940913775335
1916-02-01,-1.3665028572665348,0.0851940913775335
1916-03-01,-1.4219075377406274,0.0851940913775335
1916-04-01,-1.5081263321587701,0.0851940913775335
1916-05-01,-1.461994892315743,0.0851940913775335
1916-06-01,-1.466814808928919,0.0851940913775335
1916-07-01,-1.5301886537095515,0.0851940913775335
1916-08-01,-1.5440326662389994,0.0851940913775335
1916-09-01,-1.4668389356759932,0.0851940913775335
1916-10-01,-1.4276296737874499,0.0851940913775335
1916-11-01,-1.4201064788980446,0.0851940913775335
1916-12-01,-1.6284373498413725,0.0851940913775335
1917-01-01,-1.7614918539258977,0.0851940913775335
1917-02-01,-2.0602328717950273,0.0851940913775335
1917-03-01,-1.9610927783964338,0.0851940913775335
1917-04-01,-2.1737563535327813,0.0851940913775335
1917-05-01,-2.323980513886557,0.0851940913775335
1917-06-01,-2.3041354950444237,0.0851940913775335
1917-07-01,-2.3342391664414217,0.0851940913775335
1917-08-01,-2.4549124710397336,0.0851940913775335
1917-09-01,-2.6325863303172525,0.0851940913775335
1917-10-01,-2.7861026550756773,0.0851940913775335
1917-11-01,-2.955726243302665,0.0851940913775335
1917-12-01,-3.0282327412021406,0.0851940913775335
1918-01-01,-2.9246797523298573,0.0851940913775335
1918-02-01,-2.850297060655337,0.0851940913775335
1918-03-01,-2.8509305443404713,0.0851940913775335
1918-04-01,-2.8714959178367305,0.0851940913775335
1918-05-01,-2.8240702216219242,0.0851940913775335
1918-06-01,-2.8214374484041227,0.0851940913775335
1918-07-01,-2.830049606735298,0.0851940913775335
1918-08-01,-2.821842949355714,0.0851940913775335
1918-09-01,-2.8382836000241096,0.0851940913775335
1918-10-01,-2.7701205100802855,0.0851940913775335
1918-11-01,-2.7319013356077297,0.0851940913775335
1918-12-01,-2.762519218791708,0.0851940913775335
1919-01-01,-2.746745233614166,0.0851940913775335
1919-02-01,-2.6823355049216535,0.0851940913775335
1919-03-01,-2.6266255639223166,0.0851940913775335
1919-04-01,-2.57692177477672,0.0851940913775335
1919-05-01,-2.454303506610752,0.0851940913775335
1919-06-01,-2.3835895513191723,0.0851940913775335
1919-07-01,-2.3580879719164685,0.0851940913775335
1919-08-01,-2.495439432000228,0.0851940913775335
1919-09-01,-2.4550483499457876,0.0851940913775335
1919-10-01,-2.3739917118790785,0.0851940913775335
1919-11-01,-2.443771833096593,0.0851940913775335
1919-12-01,-2.506074320625987,0.0851940913775335
1920-01-01,-2.531372508845058,0.0851940913775335
1920-02-01,-2.649922867022571,0.0851940913775335
1920-03-01,-2.5392054174942817,0.0851940913775335
1920-04-01,-2.5702509452023703,0.0851940913775335
1920-05-01,-2.654185759444865,0.0851940913775335
1920-06-01,-2.6685268704418794,0.0851940913775335
1920-07-01,-2.6366564586302266,0.0851940913775335
1920-08-01,-2.629751991038077,0.0851940913775335
1920-09-01,-2.5395960716187176,0.0851940913775335
1920-10-01,-2.5066396051059328,0.0851940913775335
1920-11-01,-2.5428702570237265,0.0851940913775335
1920-12-01,-2.6066446106296395,0.0851940913775335
1921-01-01,-2.5038103275526793,0.0851940913775335
1921-02-01,-2.448235547254212,0.0851940913775335
1921-03-01,-2.450452609952906,0.0851940913775335
1921-04-01,-2.4078198346591004,0.0851940913775335
1921-05-01,-2.316709524403227,0.0851940913775335
1921-06-01,-2.3948429368522506,0.0851940913775335
1921-07-01,-2.382716136566483,0.0851940913775335
1921-08-01,-2.375083607242307,0.0851940913775335
1921-09-01,-2.308549669425248,0.0851940913775335
1921-10-01,-2.2700539103234734,0.0851940913775335
1921-11-01,-2.1726475935087874,0.0851940913775335
1921-12-01,-2.096235405686909,0.0851940913775335
1922-01-01,-2.0449182329106566,0.0851940913775335
1922-02-01,-1.9941439528600062,0.0851940913775335
1922-03-01,-1.901463576992725,0.0851940913775335
1922-04-01,-1.7890227515359225,0.0851940913775335
1922-05-01,-1.708137226484161,0.0851940913775335
1922-06-01,-1.7095527342932195,0.0851940913775335
1922-07-01,-1.6927832969383556,0.0851940913775335
1922-08-01,-1.5909661452915145,0.0851940913775335
1922-09-01,-1.5295407576857394,0.0851940913775335
1922-10-01,-1.4864321337233495,0.0851940913775335
1922-11-01,-1.5803321999414062,0.0851940913775335
1922-12-01,-1.5824791273478611,0.0851940913775335
1923-01-01,-1.5340579511879053,0.0851940913775335
1923-02-01,-1.4431321115729705,0.0851940913775335
1923-03-01,-1.4008723005307762,0.0851940913775335
1923-04-01,-1.4709328079708222,0.0851940913775335
1923-05-01,-1.550392074020554,0.0851940913775335
1923-06-01,-1.6192511090508437,0.0851940913775335
1923-07-01,-1.686745880256742,0.0851940913775335
1923-08-01,-1.6589456793739228,0.0851940913775335
1923-09-01,-1.6492223304328952,0.0851940913775335
1923-10-01,-1.6747388070443863,0.0851940913775335
1923-11-01,-1.617479037968541,0.0851940913775335
1923-12-01,-1.5530977341944063,0.0851940913775335
1924-01-01,-1.4895034553401532,0.0851940913775335
1924-02-01,-1.4648920672904393,0.0851940913775335
1924-03-01,-1.4835837520338855,0.0851940913775335
1924-04-01,-1.5088839219938626,0.0851940913775335
1924-05-01,-1.5094537491181121,0.0851940913775335
1924-06-01,-1.4710556028970854,0.0851940913775335
1924-07-01,-1.394433330927708,0.0851940913775335
1924-08-01,-1.315335150791226,0.0851940913775335
1924-09-01,-1.3419505519248824,0.0851940913775335
1924-10-01,-1.374225502912508,0.0851940913775335
1924-11-01,-1.2669084112964684,0.0851940913775335
1924-12-01,-1.1704907116234553,0.0851940913775335
1925-01-01,-1.0834629018713355,0.0851940913775335
1925-02-01,-1.0507006321688799,0.0851940913775335
1925-03-01,-1.1176263683502319,0.0851940913775335
1925-04-01,-1.124536986964323,0.0851940913775335
1925-05-01,-1.066396120800411,0.0851940913775335
1925-06-01,-1.0493813870833464,0.0851940913775335
1925-07-01,-1.0102979042216278,0.0851940913775335
1925-08-01,-0.9759331229421517,0.0851940913775335
1925-09-01,-0.9192773112048204,0.0851940913775335
1925-10-01,-0.8382650714178117,0.0851940913775335
1925-11-01,-0.7998123439181581,0.0851940913775335
1925-12-01,-0.7408112411369524,0.0851940913775335
1926-01-01,-0.6968672454205516,0.0851940913775335
1926-02-01,-0.6851702117690908,0.0851940913775335
1926-03-01,-0.8343447776193769,0.0851940913775335
1926-04-01,-0.903253592582043,0.0851940913775335
1926-05-01,-0.8619452893291023,0.0851940913775335
1926-06-01,-0.7224217022925498,0.0851940913775335
1926-07-01,-0.5722721333735065,0.0851940913775335
1926-08-01,-0.43396539779641213,0.0851940913775335
1926-09-01,-0.3881505040682858,0.0851940913775335
1926-10-01,-0.4469951228594697,0.0851940913775335
1926-11-01,-0.4044548290470615,0.0851940913775335
1926-12-01,-0.31620193030016597,0.0851940913775335
1927-01-01,-0.2764029358715207,0.0851940913775335
1927-02-01,-0.1760249492199106,0.0851940913775335
1927-03-01,-0.08655665201413616,0.0851940913775335
1927-04-01,0.015374295933992364,0.0851940913775335
1927-05-01,0.1305599360365547,0.0851940913775335
1927-06-01,0.1569006305507369,0.0851940913775335
1927-07-01,0.31396597247163693,0.0851940913775335
1927-08-01,0.547637849112388,0.0851940913775335
1927-09-01,0.7616246157611096,0.0851940913775335
1927-10-01,0.6973454963655169,0.0851940913775335
1927-11-01,0.8298692533496215,0.0851940913775335
1927-12-01,0.9443535743827098,0.0851940913775335
1928-01-01,0.9785843360515984,0.0851940913775335
1928-02-01,0.9909741122271736,0.0851940913775335
1928-03-01,1.2303090549033542,0.0851940913775335
1928-04-01,1.521829713790896,0.0851940913775335
1928-05-01,1.6457185790770954,0.0851940913775335
1928-06-01,1.435399141448064,0.0851940913775335
1928-07-01,1.4691172791126705,0.0851940913775335
1928-08-01,1.6164422177148063,0.0851940913775335
1928-09-01,1.886968749080333,0.0851940913775335
1928-10-01,2.0062297401551294,0.0851940913775335
1928-11-01,2.336765197853541,0.0851940913775335
1928-12-01,1.812143899916866,0.1745104774991412
1929-01-01,1.9678096963147198,0.1745104774991412
1929-02-01,1.9663490962752834,0.1745104774991412
1929-03-01,1.9198936463263327,0.1745104774991412
1929-04-01,1.8741621992383595,0.1745104774991412
1929-05-01,1.8830354762341404,0.1745104774991412
1929-06-01,1.8248646736248968,0.1745104774991412
1929-07-01,2.0045938695313477,0.1745104774991412
1929-08-01,2.073291273060817,0.1745104774991412
1929-09-01,2.090486709030525,0.1745104774991412
1929-10-01,1.6930901504672962,0.1745104774991412
1929-11-01,0.9762435909495158,0.1745104774991412
1929-12-01,1.0465866984033088,0.1745104774991412
1930-01-01,1.09301422106865,0.1745104774991412
1930-02-01,1.2865190260597403,0.1745104774991412
1930-03-01,1.4583212771497964,0.1745104774991412
1930-04-01,1.5847189791102954,0.1745104774991412
1930-05-01,1.4051146016365907,0.1745104774991412
1930-06-01,1.0682414743391453,0.1745104774991412
1930-07-01,0.9931072072125657,0.1745104774991412
1930-08-01,0.9553515065248549,0.1745104774991412
1930-09-01,0.9599104614178938,0.1745104774991412
1930-10-01,0.38262129218400087,0.1745104774991412
1930-11-01,-0.007324384964200333,0.1745104774991412
1930-12-01,-0.507806467894439,0.1745104774991412
1931-01-01,-0.23757683611570266,0.1745104774991412
1931-02-01,-0.0507179655740171,0.1745104774991412
1931-03-01,-0.10882201754024892,0.1745104774991412
1931-04-01,-0.5468066709671867,0.1745104774991412
1931-05-01,-1.135692015283704,0.1745104774991412
1931-06-01,-1.3520693496580298,0.1745104774991412
1931-07-01,-1.0126669099142755,0.1745104774991412
1931-08-01,-1.3653317683398627,0.1745104774991412
1931-09-01,-1.937641627460396,0.1745104774991412
1931-10-01,-2.4611401040324528,0.1745104774991412
1931-11-01,-2.2800149888082175,0.1745104774991412
1931-12-01,-3.157159482591842,0.1745104774991412
1932-01-01,-2.202407600965841,0.1745104774991412
1932-02-01,-1.946709327007942,0.1745104774991412
1932-03-01,-2.0433286695868262,0.1745104774991412
1932-04-01,-3.1019325441802614,0.1745104774991412
1932-05-01,-3.2234965039482093,0.1745104774991412
1932-06-01,-3.1258187153211687,0.1745104774991412
1932-07-01,-2.9443771596963138,0.1745104774991412
1932-08-01,-1.4095326605607226,0.1745104774991412
1932-09-01,-1.0925524820392347,0.1745104774991412
1932-10-01,-1.386948921112184,0.1745104774991412
1932-11-01,-1.5824673518023389,0.1745104774991412
1932-12-01,-1.7043104261378514,0.1745104774991412
1933-01-01,-1.5053376075184812,0.1745104774991412
1933-02-01,-1.7473806767280333,0.1745104774991412
1933-03-01,-1.8970006308293335,0.1745104774991412
1933-04-01,-1.84379266421681,0.1745104774991412
1933-05-01,-0.9563904210308881,0.1745104774991412
1933-06-01,-0.5150734201638262,0.1745104774991412
1933-07-01,-0.2694032329091871,0.1745104774991412
1933-08-01,-0.4513249449165512,0.1745104774991412
1933-09-01,-0.6837396852098159,0.1745104774991412
1933-10-01,-0.9247459570204342,0.1745104774991412
1933-11-01,-1.0362406404994273,0.1745104774991412
1933-12-01,-0.9064441759279436,0.1745104774991412
1934-01-01,-0.5277328204128291,0.1745104774991412
1934-02-01,-0.13420142946794872,0.1745104774991412
1934-03-01,-0.23158299118851505,0.1745104774991412
1934-04-01,-0.10692768956317829,0.1745104774991412
1934-05-01,-0.29140052341117817,0.1745104774991412
1934-06-01,-0.327242488607914,0.1745104774991412
1934-07-01,-0.4383139689411267,0.1745104774991412
1934-08-01,-0.6467679271961925,0.1745104774991412
1934-09-01,-0.7116220415459629,0.1745104774991412
1934-10-01,-0.6327480668648949,0.1745104774991412
1934-11-01,-0.6027807514416873,0.1745104774991412
1934-12-01,-0.5353053711690561,0.1745104774991412
1935-01-01,-0.4380196571292099,0.1745104774991412
1935-02-01,-0.5044015562914306,0.1745104774991412
1935-03-01,-0.71501979977466,0.1745104774991412
1935-04-01,-0.6114009786497141,0.1745104774991412
1935-05-01,-0.4267571541853087,0.1745104774991412
1935-06-01,-0.3015522156330173,0.1745104774991412
1935-07-01,-0.20824703504757314,0.1745104774991412
1935-08-01,-0.04810123233275452,0.1745104774991412
1935-09-01,0.004788753172864638,0.1745104774991412
1935-10-01,0.0024772240503848106,0.1745104774991412
1935-11-01,0.16547925141451209,0.1745104774991412
1935-12-01,0.22234383708698016,0.1745104774991412
1936-01-01,0.43975898136249775,0.1745104774991412
1936-02-01,0.6223851170669232,0.1745104774991412
1936-03-01,0.6280157146344851,0.1745104774991412
1936-04-01,0.6054986772715524,0.1745104774991412
1936-05-01,0.47987560484768516,0.1745104774991412
1936-06-01,0.5491332374189658,0.1745104774991412
1936-07-01,0.672782685471384,0.1745104774991412
1936-08-01,0.7418240039388135,0.1745104774991412
1936-09-01,0.8138011631350112,0.1745104774991412
1936-10-01,0.9614667899363294,0.1745104774991412
1936-11-01,1.0123650841129375,0.1745104774991412
1936-12-01,0.939257865916049,0.1745104774991412
1937-01-01,1.008456254332762,0.1745104774991412
1937-02-01,1.1126150396393697,0.1745104774991412
1937-03-01,1.06168686117567,0.1745104774991412
1937-04-01,0.8773834094064545,0.1745104774991412
1937-05-01,0.7173184835411133,0.1745104774991412
1937-06-01,0.5617306189372732,0.1745104774991412
1937-07-01,0.6487502349819807,0.1745104774991412
1937-08-01,0.652465898723648,0.1745104774991412
1937-09-01,0.24307128854284762,0.1745104774991412
1937-10-01,-0.214439927201553,0.1745104774991412
1937-11-01,-0.520366259059974,0.1745104774991412
1937-12-01,-0.5003616980423065,0.1745104774991412
1938-01-01,-0.5613696086658291,0.1745104774991412
1938-02-01,-0.6127921366178579,0.1745104774991412
1938-03-01,-0.8740508267172593,0.1745104774991412
1938-04-01,-0.9799078980619879,0.1745104774991412
1938-05-01,-0.7706532158912964,0.1745104774991412
1938-06-01,-0.8226362113639629,0.1745104774991412
1938-07-01,-0.2439592623463306,0.1745104774991412
1938-08-01,-0.17346943424729214,0.1745104774991412
1938-09-01,-0.3092446656584519,0.1745104774991412
1938-10-01,0.0013735134710460334,0.1745104774991412
1938-11-01,0.05591952611820453,0.1745104774991412
1938-12-01,-0.017915405952507745,0.1745104774991412
1939-01-01,0.012008599671437895,0.1745104774991412
1939-02-01,0.05296939491026882,0.1745104774991412
1939-03-01,0.14542511300570174,0.1745104774991412
1939-04-01,-0.17052943216949185,0.1745104774991412
1939-05-01,-0.09359375379006925,0.1745104774991412
1939-06-01,0.003545139758256244,0.1745104774991412
1939-07-01,0.07105593449445345,0.1745104774991412
1939-08-01,0.07298593549348248,0.1745104774991412
1939-09-01,0.3070387282145441,0.1745104774991412
1939-10-01,0.3557128888908039,0.1745104774991412
1939-11-01,0.26278754172704816,0.1745104774991412
1939-12-01,0.15417382571538807,0.1745104774991412
1940-01-01,0.1640474820599357,0.1745104774991412
1940-02-01,0.15319341947688428,0.1745104774991412
1940-03-01,0.15451222405536602,0.1745104774991412
1940-04-01,0.1981253775932693,0.1745104774991412
1940-05-01,-0.08338627274698389,0.1745104774991412
1940-06-01,-0.29844111279783153,0.1745104774991412
1940-07-01,-0.10825109829616934,0.1745104774991412
1940-08-01,-0.07365838578658729,0.1745104774991412
1940-09-01,0.025853690741254924,0.1745104774991412
1940-10-01,0.0789720027729059,0.1745104774991412
1940-11-01,0.13422369823928004,0.1745104774991412
1940-12-01,0.053121349892820004,0.1745104774991412
1941-01-01,0.1181502792886238,0.1745104774991412
1941-02-01,0.019051761984242337,0.1745104774991412
1941-03-01,0.049824878373004984,0.1745104774991412
1941-04-01,0.037195728071944975,0.1745104774991412
1941-05-01,-0.0036784908588833333,0.1745104774991412
1941-06-01,-0.009038177261333637,0.1745104774991412
1941-07-01,0.050459817399909485,0.1745104774991412
1941-08-01,0.026968266479318583,0.1745104774991412
1941-09-01,-0.0044648658154011756,0.1745104774991412
1941-10-01,-0.07729098527049423,0.1745104774991412
1941-11-01,-0.15236589279309287,0.1745104774991412
1941-12-01,-0.24974238865250523,0.1745104774991412
1942-01-01,-0.17521032388503227,0.1745104774991412
1942-02-01,-0.20664110127849658,0.1745104774991412
1942-03-01,-0.2764376311301618,0.1745104774991412
1942-04-01,-0.31742730888974835,0.1745104774991412
1942-05-01,-0.31488035639838247,0.1745104774991412
1942-06-01,-0.3100225624499843,0.1745104774991412
1942-07-01,-0.2783606571375627,0.1745104774991412
1942-08-01,-0.29229109129025593,0.1745104774991412
1942-09-01,-0.27920315268299256,0.1745104774991412
1942-10-01,-0.21310163270960916,0.1745104774991412
1942-11-01,-0.21896614526978508,0.1745104774991412
1942-12-01,-0.22957415260766365,0.1745104774991412
1943-01-01,-0.11319101123301525,0.1745104774991412
1943-02-01,-0.01913499716900966,0.1745104774991412
1943-03-01,0.031742130296221686,0.1745104774991412
1943-04-01,0.0811179349111502,0.1745104774991412
1943-05-01,0.13183809552307227,0.1745104774991412
1943-06-01,0.15275331766889716,0.1745104774991412
1943-07-01,0.20269293728294124,0.1745104774991412
1943-08-01,0.14314806437890262,0.1745104774991412
1943-09-01,0.142531099214064,0.1745104774991412
1943-10-01,0.13824472955065317,0.1745104774991412
1943-11-01,0.0795669435083348,0.1745104774991412
1943-12-01,0.11401935224480418,0.1745104774991412
1944-01-01,0.16984691362273838,0.1745104774991412
1944-02-01,0.19439734534348427,0.1745104774991412
1944-03-01,0.23351535860137249,0.1745104774991412
1944-04-01,0.21429371010224252,0.1745104774991412
1944-05-01,0.2540037808584959,0.1745104774991412
1944-06-01,0.3207403170125654,0.1745104774991412
1944-07-01,0.34578570388924806,0.1745104774991412
1944-08-01,0.32904878088659706,0.1745104774991412
1944-09-01,0.30453998743733934,0.1745104774991412
1944-10-01,0.3346379788153359,0.1745104774991412
1944-11-01,0.3335359250920256,0.1745104774991412
1944-12-01,0.3598115577306606,0.1745104774991412
1945-01-01,0.40273217086650664,0.1745104774991412
1945-02-01,0.4456433086064366,0.1745104774991412
1945-03-01,0.44092931521800655,0.1745104774991412
1945-04-01,0.47628453657237557,0.1745104774991412
1945-05-01,0.5457496034711977,0.1745104774991412
1945-06-01,0.5644302289445036,0.1745104774991412
1945-07-01,0.5458504423256322,0.1745104774991412
1945-08-01,0.5536206772587519,0.1745104774991412
1945-09-01,0.660342933590712,0.1745104774991412
1945-10-01,0.740882702369939,0.1745104774991412
1945-11-01,0.8163173985339346,0.1745104774991412
1945-12-01,0.8540374758430791,0.1745104774991412
1946-01-01,0.9245422883254383,0.1745104774991412
1946-02-01,0.9345291041808458,0.1745104774991412
1946-03-01,0.8645067758831727,0.1745104774991412
1946-04-01,0.9373514284284983,0.1745104774991412
1946-05-01,0.9245209668812311,0.1745104774991412
1946-06-01,0.8777046382547996,0.1745104774991412
1946-07-01,0.7354531470479285,0.1745104774991412
1946-08-01,0.6946359844881849,0.1745104774991412
1946-09-01,0.4659610961801357,0.1745104774991412
1946-10-01,0.397473513746515,0.1745104774991412
1946-11-01,0.34779704356143737,0.1745104774991412
1946-12-01,0.3842901798691527,0.1745104774991412
1947-01-01,0.39155194329661114,0.1745104774991412
1947-02-01,0.43337784928417183,0.1745104774991412
1947-03-01,0.3435517532870918,0.1745104774991412
1947-04-01,0.2829187066713642,0.1745104774991412
1947-05-01,0.2572824384133225,0.1745104774991412
1947-06-01,0.28027400570050054,0.1745104774991412
1947-07-01,0.36015869926025573,0.1745104774991412
1947-08-01,0.3316122687589021,0.1745104774991412
1947-09-01,0.2698016077816443,0.1745104774991412
1947-10-01,0.282489456233507,0.1745104774991412
1947-11-01,0.25235031058385643,0.1745104774991412
1947-12-01,0.22519207830285404,0.1745104774991412
1948-01-01,0.1957729145586784,0.1745104774991412
1948-02-01,0.13827008821476403,0.1745104774991412
1948-03-01,0.14489195055102483,0.1745104774991412
1948-04-01,0.2116278369489209,0.1745104774991412
1948-05-01,0.29888103187447224,0.1745104774991412
1948-06-01,0.35599168177595764,0.1745104774991412
1948-07-01,0.31778429831716765,0.1745104774991412
1948-08-01,0.24923909102629835,0.1745104774991412
1948-09-01,0.2235615309091722,0.1745104774991412
1948-10-01,0.22187144213523996,0.1745104774991412
1948-11-01,0.14208066813041706,0.1745104774991412
1948-12-01,0.10273603367537724,0.1745104774991412
1949-01-01,0.10520015661222577,0.1745104774991412
1949-02-01,0.07009428422638371,0.1745104774991412
1949-03-01,0.054899655013124056,0.1745104774991412
1949-04-01,0.05294459920710554,0.1745104774991412
1949-05-01,0.0480242491383844,0.1745104774991412
1949-06-01,-0.030322324874202642,0.1745104774991412
1949-07-01,0.00849083896976332,0.1745104774991412
1949-08-01,0.039424851383422006,0.1745104774991412
1949-09-01,0.04772573031589648,0.1745104774991412
1949-10-01,0.0884335788530116,0.1745104774991412
1949-11-01,0.09227024673879619,0.1745104774991412
1949-12-01,0.13578774381712827,0.1745104774991412
1950-01-01,0.19177915570560164,0.1745104774991412
1950-02-01,0.21363207498957065,0.1745104774991412
1950-03-01,0.2121329140245402,0.1745104774991412
1950-04-01,0.2560688463660335,0.1745104774991412
1950-05-01,0.27881089588125074,0.1745104774991412
1950-06-01,0.27566900527160276,0.1745104774991412
1950-07-01,0.16110207844655164,0.1745104774991412
1950-08-01,0.24135116455299951,0.1745104774991412
1950-09-01,0.2997237227947045,0.1745104774991412
1950-10-01,0.34380698059859954,0.1745104774991412
1950-11-01,0.32921119855050124,0.1745104774991412
1950-12-01,0.3137752448889798,0.1745104774991412
1951-01-01,0.38578797497265854,0.1745104774991412
1951-02-01,0.4155676697821306,0.1745104774991412
1951-03-01,0.4099827000436485,0.1745104774991412
1951-04-01,0.4024656196342452,0.1745104774991412
1951-05-01,0.3741952422968238,0.1745104774991412
1951-06-01,0.3233149128650235,0.1745104774991412
1951-07-01,0.316332064803586,0.1745104774991412
1951-08-01,0.34881704060163143,0.1745104774991412
1951-09-01,0.3673671549060889,0.1745104774991412
1951-10-01,0.35710050487899575,0.1745104774991412
1951-11-01,0.31250168316526367,0.1745104774991412
1951-12-01,0.34251268759864734,0.1745104774991412
1952-01-01,0.3759463406847651,0.1745104774991412
1952-02-01,0.36272822427537665,0.1745104774991412
1952-03-01,0.3892495653980923,0.1745104774991412
1952-04-01,0.36357794487479833,0.1745104774991412
1952-05-01,0.3631635393888364,0.1745104774991412
1952-06-01,0.38808008246587733,0.1745104774991412
1952-07-01,0.4158269188671803,0.1745104774991412
1952-08-01,0.40397603288204453,0.1745104774991412
1952-09-01,0.3763569344814167,0.1745104774991412
1952-10-01,0.36483561106181356,0.1745104774991412
1952-11-01,0.38872888032732145,0.1745104774991412
1952-12-01,0.44222616310520235,0.1745104774991412
1953-01-01,0.47695143702102843,0.1745104774991412
1953-02-01,0.4757614213392046,0.1745104774991412
1953-03-01,0.4768978801372191,0.1745104774991412
1953-04-01,0.4197193495600426,0.1745104774991412
1953-05-01,0.404287491464354,0.1745104774991412
1953-06-01,0.3356405260774471,0.1745104774991412
1953-07-01,0.2804326487724633,0.1745104774991412
1953-08-01,0.25862892420043687,0.1745104774991412
1953-09-01,0.20669129206238948,0.1745104774991412
1953-10-01,0.1936242503112939,0.1745104774991412
1953-11-01,0.23104817151880966,0.1745104774991412
1953-12-01,0.2587187093360118,0.1745104774991412
1954-01-01,0.2620037138154369,0.1745104774991412
1954-02-01,0.27831342359188505,0.1745104774991412
1954-03-01,0.30504754510396637,0.1745104774991412
1954-04-01,0.3734902331048821,0.1745104774991412
1954-05-01,0.4328138361680146,0.1745104774991412
1954-06-01,0.43651760903311737,0.1745104774991412
1954-07-01,0.475499074121237,0.1745104774991412
1954-08-01,0.4913317208504948,0.1745104774991412
1954-09-01,0.546575406588405,0.1745104774991412
1954-10-01,0.5681556887735202,0.1745104774991412
1954-11-01,0.6376660282477078,0.1745104774991412
1954-12-01,0.7147544840169938,0.1745104774991412
1955-01-01,0.7519540379950493,0.1745104774991412
1955-02-01,0.7877578377907873,0.1745104774991412
1955-03-01,0.807173548085525,0.1745104774991412
1955-04-01,0.844913096063617,0.1745104774991412
1955-05-01,0.8361770449315998,0.1745104774991412
1955-06-01,0.9270920434805874,0.1745104774991412
1955-07-01,1.0431082783781704,0.1745104774991412
1955-08-01,1.0214673944122783,0.1745104774991412
1955-09-01,1.081479762776835,0.1745104774991412
1955-10-01,0.9461651782340021,0.1745104774991412
1955-11-01,1.0655992195625597,0.1745104774991412
1955-12-01,1.0807781566813301,0.1745104774991412
1956-01-01,0.9969550767815843,0.1745104774991412
1956-02-01,0.9866862569435804,0.1745104774991412
1956-03-01,1.105068534205895,0.1745104774991412
1956-04-01,1.1363446108235356,0.1745104774991412
1956-05-01,1.0387973221338416,0.1745104774991412
1956-06-01,0.9670382016107577,0.1745104774991412
1956-07-01,1.0301830951631517,0.1745104774991412
1956-08-01,1.019296899892649,0.1745104774991412
1956-09-01,0.9211909292083318,0.1745104774991412
1956-10-01,0.8352128107962318,0.1745104774991412
1956-11-01,0.818035224418397,0.1745104774991412
1956-12-01,0.36582297839042016,0.27184243673422653
1957-01-01,0.23818060962026175,0.27184243673422653
1957-02-01,0.14881653564944303,0.27184243673422653
1957-03-01,0.1640856155690695,0.27184243673422653
1957-04-01,0.2288915876329259,0.27184243673422653
1957-05-01,0.44899354289082477,0.35772357723577236
1957-06-01,0.4702754115222771,0.35772357723577236
1957-07-01,0.5297364386989023,0.35772357723577236
1957-08-01,0.4785897837527063,0.35772357723577236
1957-09-01,0.41293310078870255,0.35772357723577236
1957-10-01,0.5497446848521226,0.35772357723577236
1957-11-01,0.4867425087639692,0.35772357723577236
1957-12-01,0.418283817823942,0.35772357723577236
1958-01-01,0.7991519896332304,0.35772357723577236
1958-02-01,0.8165960622324376,0.35772357723577236
1958-03-01,0.8059722596337631,0.35772357723577236
1958-04-01,0.793512768631277,0.35772357723577236
1958-05-01,0.8027614559404487,0.35772357723577236
1958-06-01,0.8219104494949127,0.35772357723577236
1958-07-01,0.6831121992194152,0.35772357723577236
1958-08-01,0.7191598813495278,0.35772357723577236
1958-09-01,0.7447029100978989,0.35772357723577236
1958-10-01,0.670758730473236,0.35772357723577236
1958-11-01,0.6993813395931868,0.35772357723577236
1958-12-01,0.719295758610949,0.35772357723577236
1959-01-01,0.7609866764188356,0.35772357723577236
1959-02-01,0.7465965979511614,0.35772357723577236
1959-03-01,0.7761780035998379,0.35772357723577236
1959-04-01,0.8031943863056308,0.35772357723577236
1959-05-01,0.8256275053129726,0.35772357723577236
1959-06-01,0.8125446444159219,0.35772357723577236
1959-07-01,0.8791072681026858,0.35772357723577236
1959-08-01,0.8547767014703883,0.35772357723577236
1959-09-01,0.7058686786851108,0.5338371693576092
1959-10-01,0.6923910223130182,0.5338371693576092
1959-11-01,0.6890612414244316,0.5338371693576092
1959-12-01,0.6931820154826233,0.5338371693576092
1960-01-01,0.46310901236345914,0.5338371693576092
1960-02-01,0.4373308954075274,0.5338371693576092
1960-03-01,0.43426029238430963,0.5338371693576092
1960-04-01,0.5386396383705038,0.5338371693576092
1960-05-01,0.518634243707028,0.5338371693576092
1960-06-01,0.5270248618558394,0.5338371693576092
1960-07-01,0.48098034682218105,0.5338371693576092
1960-08-01,0.4822912790988312,0.5338371693576092
1960-09-01,0.4760386513399581,0.5338371693576092
1960-10-01,0.6027137186741575,0.5338371693576092
1960-11-01,0.6119880745319853,0.5338371693576092
1960-12-01,0.6156069431211721,0.5338371693576092
1961-01-01,0.7362189771656644,0.5338371693576092
1961-02-01,0.7353352652587719,0.5338371693576092
1961-03-01,0.7359940200004351,0.5338371693576092
1961-04-01,0.7133943764993406,0.5338371693576092
1961-05-01,0.7141521166118739,0.5338371693576092
1961-06-01,0.7102057695228854,0.5338371693576092
1961-07-01,0.7781292031265505,0.5338371693576092
1961-08-01,0.7904011379100627,0.5338371693576092
1961-09-01,0.7786003687202415,0.5338371693576092
1961-10-01,0.8764399041192515,0.5338371693576092
1961-11-01,0.8848062247185963,0.5338371693576092
1961-12-01,0.8891876581840883,0.5338371693576092
1962-01-01,0.7019980247300981,0.5338371693576092
1962-02-01,0.7042759396332681,0.5338371693576092
1962-03-01,0.7000489624501872,0.5338371693576092
1962-04-01,0.42658274469603336,0.5338371693576092
1962-05-01,0.3911469709002265,0.5338371693576092
1962-06-01,0.3452334182716835,0.5338371693576092
1962-07-01,0.3946508109117107,0.5338371693576092
1962-08-01,0.4004131702743084,0.5338371693576092
1962-09-01,0.39398931218505545,0.5338371693576092
1962-10-01,0.49490575101381945,0.5338371693576092
1962-11-01,0.5122115153171702,0.5338371693576092
1962-12-01,0.528307410353013,0.5338371693576092
1963-01-01,0.632705538455639,0.5338371693576092
1963-02-01,0.6328132413388248,0.5338371693576092
1963-03-01,0.6278508304031011,0.5338371693576092
1963-04-01,0.8096244770850803,0.5338371693576092
1963-05-01,0.8171581343085306,0.5338371693576092
1963-06-01,0.814239159501465,0.5338371693576092
1963-07-01,0.7690524411472802,0.5338371693576092
1963-08-01,0.7814379995404472,0.5338371693576092
1963-09-01,0.7879168741645005,0.5338371693576092
1963-10-01,0.8016390654447071,0.5338371693576092
1963-11-01,0.7939288659513257,0.5338371693576092
1963-12-01,0.7969754537241756,0.5338371693576092
1964-01-01,0.4966406301319134,0.5338371693576092
1964-02-01,0.4927942505439115,0.5338371693576092
1964-03-01,0.5007182207316402,0.5338371693576092
1964-04-01,0.43421969356001117,0.5338371693576092
1964-05-01,0.43705271183802463,0.5338371693576092
1964-06-01,0.4304358758380782,0.5338371693576092
1964-07-01,0.4116437972989162,0.5338371693576092
1964-08-01,0.4076818124435677,0.5338371693576092
1964-09-01,0.41209402305615567,0.5338371693576092
1964-10-01,0.5393746393220673,0.5338371693576092
1964-11-01,0.5380669002074844,0.5338371693576092
1964-12-01,0.528284284929007,0.5338371693576092
1965-01-01,0.4602722917844415,0.5338371693576092
1965-02-01,0.45990115926889724,0.5338371693576092
1965-03-01,0.4575567869792839,0.5338371693576092
1965-04-01,0.35046747128396427,0.5338371693576092
1965-05-01,0.354436374390247,0.5338371693576092
1965-06-01,0.3263962649209708,0.5338371693576092
1965-07-01,0.394653139286084,0.5338371693576092
1965-08-01,0.4011851004860657,0.5338371693576092
1965-09-01,0.41181368489833264,0.5338371693576092
1965-10-01,0.572238446075233,0.5338371693576092
1965-11-01,0.5755035356535969,0.5338371693576092
1965-12-01,0.5702949736693024,0.5338371693576092
1966-01-01,0.5936795958713014,0.5338371693576092
1966-02-01,0.5813755189198219,0.5338371693576092
1966-03-01,0.5489875392019181,0.5338371693576092
1966-04-01,0.3503722765189231,0.5338371693576092
1966-05-01,0.3182949221151277,0.5338371693576092
1966-06-01,0.3105660498479774,0.5338371693576092
1966-07-01,0.4476870779989426,0.5338371693576092
1966-08-01,0.42130211522195726,0.5338371693576092
1966-09-01,0.3922997806891019,0.5338371693576092
1966-10-01,0.41185373368935907,0.5338371693576092
1966-11-01,0.4087186219262956,0.5338371693576092
1966-12-01,0.4057945684549845,0.5338371693576092
1967-01-01,0.4749390347904718,0.5338371693576092
1967-02-01,0.48091413227992386,0.5338371693576092
1967-03-01,0.4991721150695493,0.5338371693576092
1967-04-01,0.5581919430639128,0.5338371693576092
1967-05-01,0.5611466838548359,0.5338371693576092
1967-06-01,0.1272994104948871,0.6257872437879308
1967-07-01,0.2642094805101884,0.6257872437879308
1967-08-01,0.2699201588761454,0.6257872437879308
1967-09-01,0.2727610152660178,0.6257872437879308
1967-10-01,0.5577957639892055,0.6257872437879308
1967-11-01,0.5509944771448213,0.6257872437879308
1967-12-01,0.5406098216625878,0.6257872437879308
1968-01-01,0.32166811985737176,0.6257872437879308
1968-02-01,0.30706350571274404,0.6257872437879308
1968-03-01,0.29909096493285425,0.6257872437879308
1968-04-01,0.4639727246081389,0.6257872437879308
1968-05-01,0.4708976129683319,0.6257872437879308
1968-06-01,0.4730261631024388,0.6257872437879308
1968-07-01,0.454169616084756,0.6257872437879308
1968-08-01,0.44006127916654936,0.6257872437879308
1968-09-01,0.44897702083960217,0.6257872437879308
1968-10-01,0.5608358898800491,0.6257872437879308
1968-11-01,0.5529297332915571,0.6257872437879308
1968-12-01,0.561236345128079,0.6257872437879308
1969-01-01,0.28125810709334065,0.6257872437879308
1969-02-01,0.2982844226698519,0.6257872437879308
1969-03-01,0.2909895437904544,0.6257872437879308
1969-04-01,0.25182345644119264,0.6257872437879308
1969-05-01,0.248662426637141,0.6257872437879308
1969-06-01,0.23378102716218935,0.6257872437879308
1969-07-01,0.03486145881147502,0.6257872437879308
1969-08-01,0.013282256987106241,0.6257872437879308
1969-09-01,0.01276957648559777,0.6257872437879308
1969-10-01,-0.026926872649390293,0.6257872437879308
1969-11-01,-0.027674966125867905,0.6257872437879308
1969-12-01,-0.299588462871387,0.7162487117828925
1970-01-01,-0.2646329709032442,0.7162487117828925
1970-02-01,-0.32976872949708164,0.7162487117828925
1970-03-01,-0.3286827469052524,0.7162487117828925
1970-04-01,-0.3394422848739409,0.7162487117828925
1970-05-01,-0.3316221415253332,0.7162487117828925
1970-06-01,-0.2972332140571734,0.7162487117828925
1970-07-01,-0.11970567732983742,0.7162487117828925
1970-08-01,-0.10873096255237637,0.7162487117828925
1970-09-01,-0.05323388859800213,0.7162487117828925
1970-10-01,0.07401218595474514,0.7162487117828925
1970-11-01,0.0883664940437277,0.7162487117828925
1970-12-01,0.10119770973676553,0.7162487117828925
1971-01-01,0.09217404516755316,0.7162487117828925
1971-02-01,0.24166079094254211,0.7162487117828925
1971-03-01,0.33865538079454444,0.7162487117828925
1971-04-01,0.5386213475202786,0.7162487117828925
1971-05-01,0.5878711881450309,0.7162487117828925
1971-06-01,0.585042212593576,0.7162487117828925
1971-07-01,0.5308786441568573,0.7162487117828925
1971-08-01,0.4984979273369865,0.7162487117828925
1971-09-01,0.4922580478358233,0.7162487117828925
1971-10-01,0.6990929464650952,0.7162487117828925
1971-11-01,0.6801448089676014,0.7162487117828925
1971-12-01,0.6764261138593368,0.7162487117828925
1972-01-01,0.8173447621462996,0.7162487117828925
1972-02-01,0.811297984122389,0.7162487117828925
1972-03-01,0.7827795159955342,0.7162487117828925
1972-04-01,0.7138969948354577,0.7162487117828925
1972-05-01,0.6732651713612251,0.7162487117828925
1972-06-01,0.6571073865248436,0.7162487117828925
1972-07-01,0.6523876513152739,0.7162487117828925
1972-08-01,0.6755462979679068,0.7162487117828925
1972-09-01,0.696907038980267,0.7162487117828925
1972-10-01,0.641001582546708,0.7162487117828925
1972-11-01,0.6435523923702319,0.7162487117828925
1972-12-01,0.6583403004791818,0.7162487117828925
1973-01-01,0.43758099456885535,0.7162487117828925
1973-02-01,0.39049155904628685,0.7162487117828925
1973-03-01,0.33642544742780034,0.7162487117828925
1973-04-01,0.15314336600636888,0.7162487117828925
1973-05-01,0.16335426884047627,0.7162487117828925
1973-06-01,0.1536113902739607,0.7162487117828925
1973-07-01,0.0825038136818361,0.7162487117828925
1973-08-01,0.019145403738745844,0.7162487117828925
1973-09-01,-0.05907534753808517,0.7162487117828925
1973-10-01,-0.2898416624991702,0.7162487117828925
1973-11-01,-0.3024791760287361,0.7162487117828925
1973-12-01,-0.33690143774948533,0.7162487117828925
1974-01-01,-0.3093295454135939,0.7162487117828925
1974-02-01,-0.316630518939415,0.7162487117828925
1974-03-01,-0.2732517547385916,0.7162487117828925
1974-04-01,-0.03570012823541746,0.7162487117828925
1974-05-01,-0.08420501064844395,0.7162487117828925
1974-06-01,-0.12300286171207882,0.7162487117828925
1974-07-01,-0.08476356219279686,0.7162487117828925
1974-08-01,-0.09070350910911065,0.7162487117828925
1974-09-01,-0.11116397202044312,0.7162487117828925
1974-10-01,-0.16468460177191674,0.7162487117828925
1974-11-01,-0.24317740862560908,0.7162487117828925
1974-12-01,-0.2743424259743906,0.7162487117828925
1975-01-01,-0.43229816999992565,0.7162487117828925
1975-02-01,-0.41182794541107826,0.7162487117828925
1975-03-01,-0.34827227876370875,0.7162487117828925
1975-04-01,-0.4143735667991839,0.7162487117828925
1975-05-01,-0.36996280340834664,0.7162487117828925
1975-06-01,-0.31252464368121163,0.7162487117828925
1975-07-01,-0.261777779007169,0.7162487117828925
1975-08-01,-0.23428089803394414,0.7162487117828925
1975-09-01,-0.21701779987371225,0.7162487117828925
1975-10-01,-0.3183806084779907,0.7162487117828925
1975-11-01,-0.30292898469127527,0.7162487117828925
1975-12-01,-0.27609519757573064,0.7162487117828925
1976-01-01,-0.19437088623728518,0.7162487117828925
1976-02-01,-0.1461579452841597,0.7162487117828925
1976-03-01,-0.14497360353759536,0.7162487117828925
1976-04-01,-0.046263481898605366,0.7162487117828925
1976-05-01,-0.02409958578956179,0.7162487117828925
1976-06-01,-0.07503098735234472,0.7162487117828925
1976-07-01,0.05605594023107961,0.7162487117828925
1976-08-01,0.08212890925229183,0.7162487117828925
1976-09-01,0.12406173093910108,0.7162487117828925
1976-10-01,0.1900933062563442,0.7162487117828925
1976-11-01,0.1995832633712629,0.7162487117828925
1976-12-01,0.19319225520743513,0.7162487117828925
1977-01-01,0.31098631174240154,0.7162487117828925
1977-02-01,0.29711332913888344,0.7162487117828925
1977-03-01,0.30319499936510985,0.7162487117828925
1977-04-01,0.28506640318283444,0.7162487117828925
1977-05-01,0.279525750504253,0.7162487117828925
1977-06-01,0.28806612976605095,0.7162487117828925
1977-07-01,0.2174262755735598,0.7162487117828925
1977-08-01,0.21183135795796862,0.7162487117828925
1977-09-01,0.1855144296803052,0.7162487117828925
1977-10-01,0.2595597284232938,0.7162487117828925
1977-11-01,0.23189487157519217,0.7162487117828925
1977-12-01,0.21321191039268178,0.7162487117828925
1978-01-01,0.4230793530174058,0.7162487117828925
1978-02-01,0.3945824302019325,0.7162487117828925
1978-03-01,0.3694992988227261,0.7162487117828925
1978-04-01,0.19784775313721176,0.7162487117828925
1978-05-01,0.19582991446879297,0.7162487117828925
1978-06-01,0.18276055764525007,0.7162487117828925
1978-07-01,0.2745904185502762,0.7162487117828925
1978-08-01,0.2646825835769345,0.7162487117828925
1978-09-01,0.27726871104229245,0.7162487117828925
1978-10-01,0.014717219640017605,0.7162487117828925
1978-11-01,-0.015901013792593642,0.7162487117828925
1978-12-01,-0.016924776667431286,0.7162487117828925
1979-01-01,-0.07482771921815734,0.7162487117828925
1979-02-01,-0.06903209087043734,0.7162487117828925
1979-03-01,-0.06938730142549783,0.7162487117828925
1979-04-01,0.07891819292878854,0.7162487117828925
1979-05-01,0.06103493079770875,0.7162487117828925
1979-06-01,0.056355640321233844,0.7162487117828925
1979-07-01,0.032779609577428245,0.7162487117828925
1979-08-01,0.037002988036393535,0.7162487117828925
1979-09-01,0.02310577712722745,0.7162487117828925
1979-10-01,0.05119546506522288,0.7162487117828925
1979-11-01,0.048949678251915645,0.7162487117828925
1979-12-01,0.03892634232343097,0.7162487117828925
1980-01-01,0.06423887386973239,0.7162487117828925
1980-02-01,0.1053295820010094,0.7162487117828925
1980-03-01,0.028111883453363656,0.7162487117828925
1980-04-01,-0.2507173134608846,0.7162487117828925
1980-05-01,-0.2469462491461221,0.7162487117828925
1980-06-01,-0.22344575606887204,0.7162487117828925
1980-07-01,-0.285824392297819,0.7162487117828925
1980-08-01,-0.2617788143625708,0.7162487117828925
1980-09-01,-0.27225129603612735,0.7162487117828925
1980-10-01,-0.03069317232187618,0.7162487117828925
1980-11-01,0.027130335026632344,0.7162487117828925
1980-12-01,-0.052984203007044484,0.8164433757013628
1981-01-01,-0.11080938727320622,0.8164433757013628
1981-02-01,-0.07431887192795708,0.8164433757013628
1981-03-01,-0.02689977028378608,0.8164433757013628
1981-04-01,0.2025824055174322,0.8164433757013628
1981-05-01,0.20838084225557096,0.8164433757013628
1981-06-01,0.1412635626079657,0.8164433757013628
1981-07-01,0.16854075904206126,0.8164433757013628
1981-08-01,0.2274336286894156,0.8164433757013628
1981-09-01,0.23652404255474208,0.8164433757013628
1981-10-01,0.20560909270851296,0.8164433757013628
1981-11-01,0.15540035222486093,0.8164433757013628
1981-12-01,0.17071738745672238,0.8164433757013628
1982-01-01,0.19014489533001305,0.8164433757013628
1982-02-01,0.16553484266592963,0.8164433757013628
1982-03-01,0.09406959709302526,0.8164433757013628
1982-04-01,-0.02741986226195095,0.8164433757013628
1982-05-01,-0.029810020538496407,0.8164433757013628
1982-06-01,0.003287480024826488,0.8164433757013628
1982-07-01,0.29043134677779153,0.8164433757013628
1982-08-01,0.2108557135049174,0.8164433757013628
1982-09-01,0.17945423134696256,0.8164433757013628
1982-10-01,0.15489828978528222,0.8164433757013628
1982-11-01,0.11119485409973583,0.8164433757013628
1982-12-01,0.11921540940189052,0.8164433757013628
1983-01-01,0.2758648888119247,0.8164433757013628
1983-02-01,0.3530407812586277,0.8164433757013628
1983-03-01,0.3464080795360759,0.8164433757013628
1983-04-01,0.4496591915652805,0.8164433757013628
1983-05-01,0.4572296740764774,0.8164433757013628
1983-06-01,0.4483165977170381,0.8164433757013628
1983-07-01,0.6988409755187417,0.8164433757013628
1983-08-01,0.7041856502496642,0.8164433757013628
1983-09-01,0.6932422864516863,0.8164433757013628
1983-10-01,0.5926033623594964,0.8164433757013628
1983-11-01,0.5901415093404249,0.8164433757013628
1983-12-01,0.571167439777884,0.8164433757013628
1984-01-01,0.8156181262215605,0.8164433757013628
1984-02-01,0.7555067402115964,0.8164433757013628
1984-03-01,0.7559687964574502,0.8164433757013628
1984-04-01,0.9459647936399139,0.8164433757013628
1984-05-01,0.9218179461823282,0.8164433757013628
1984-06-01,0.897401520469707,0.8164433757013628
1984-07-01,0.7354222259994646,0.8164433757013628
1984-08-01,0.7340775974604161,0.8164433757013628
1984-09-01,0.7553947665186375,0.8164433757013628
1984-10-01,0.9623832319857277,0.8164433757013628
1984-11-01,0.9818858118460818,0.8164433757013628
1984-12-01,0.9736687195361043,0.8164433757013628
1985-01-01,1.091580593738587,0.8164433757013628
1985-02-01,1.0895237935377233,0.8164433757013628
1985-03-01,1.0602421724819768,0.8164433757013628
1985-04-01,1.18369499805315,0.8164433757013628
1985-05-01,1.153155989801535,0.8164433757013628
1985-06-01,1.1571453857692853,0.8164433757013628
1985-07-01,1.2847665355656221,0.8164433757013628
1985-08-01,1.2772064732479604,0.8164433757013628
1985-09-01,1.250568010883623,0.8164433757013628
1985-10-01,1.6562458914133873,0.8164433757013628
1985-11-01,1.586600508474397,0.8164433757013628
1985-12-01,1.542816963760404,0.8164433757013628
1986-01-01,1.6602087339473564,0.8164433757013628
1986-02-01,1.6066934796220071,0.8164433757013628
1986-03-01,1.591208286901423,0.8164433757013628
1986-04-01,1.688692868553976,0.8164433757013628
1986-05-01,1.7075911701620232,0.8164433757013628
1986-06-01,1.6804422922760278,0.8164433757013628
1986-07-01,1.717785969529251,0.8164433757013628
1986-08-01,1.6878590275966827,0.8164433757013628
1986-09-01,1.704026239565228,0.8164433757013628
1986-10-01,1.679108548639974,0.8164433757013628
1986-11-01,1.664729779711379,0.8164433757013628
1986-12-01,1.641449920985734,0.8164433757013628
1987-01-01,1.3391548685574275,0.8164433757013628
1987-02-01,1.3091699440373927,0.8164433757013628
1987-03-01,1.258835498145429,0.8164433757013628
1987-04-01,1.3068303947260058,0.8164433757013628
1987-05-01,1.243491775256713,0.8164433757013628
1987-06-01,1.1961900569477881,0.8164433757013628
1987-07-01,1.1098811313103725,0.8164433757013628
1987-08-01,1.1267961238832047,0.8164433757013628
1987-09-01,1.133344948822943,0.8164433757013628
1987-10-01,1.0497510762959728,0.8164433757013628
1987-11-01,0.9997965632630531,0.8164433757013628
1987-12-01,0.9414071777750378,0.8164433757013628
1988-01-01,0.7710526576917088,0.8164433757013628
1988-02-01,0.7532770430270423,0.8164433757013628
1988-03-01,0.7535700352069661,0.8164433757013628
1988-04-01,0.7726923408582961,0.8164433757013628
1988-05-01,0.78874500011821,0.8164433757013628
1988-06-01,0.8090094810183143,0.8164433757013628
1988-07-01,0.6331063851499216,0.8164433757013628
1988-08-01,0.6217857345184317,0.8164433757013628
1988-09-01,0.6054716872372679,0.8164433757013628
1988-10-01,0.9997060587197547,0.8164433757013628
1988-11-01,0.9785231294357867,0.8164433757013628
1988-12-01,0.9621367110412344,0.8164433757013628
1989-01-01,0.835177495599895,0.8164433757013628
1989-02-01,0.8030697191553394,0.8164433757013628
1989-03-01,0.7844689943062266,0.8164433757013628
1989-04-01,0.6818626859304809,0.8164433757013628
1989-05-01,0.6600356623213474,0.8164433757013628
1989-06-01,0.6625749543561602,0.8164433757013628
1989-07-01,0.7697590336284368,0.8164433757013628
1989-08-01,0.8009527201736564,0.8164433757013628
1989-09-01,0.8221488953149702,0.8164433757013628
1989-10-01,0.722669164001686,0.8164433757013628
1989-11-01,0.72478847426,0.8164433757013628
1989-12-01,0.7442002502662072,0.8164433757013628
1990-01-01,0.739857221805592,0.8164433757013628
1990-02-01,0.7428322880732592,0.8164433757013628
1990-03-01,0.7395503956389624,0.8164433757013628
1990-04-01,0.5503933635757128,0.8164433757013628
1990-05-01,0.5258415156505859,0.8164433757013628
1990-06-01,0.5365315205372323,0.8164433757013628
1990-07-01,0.4942155190040134,0.8164433757013628
1990-08-01,0.4864902602663936,0.8164433757013628
1990-09-01,0.4601977032878366,0.8164433757013628
1990-10-01,0.3938013214790339,0.8164433757013628
1990-11-01,0.3283396978932569,0.8164433757013628
1990-12-01,0.27607213417676457,0.8164433757013628
1991-01-01,-0.01949617104678997,0.8164433757013628
1991-02-01,0.004129550410068592,0.8164433757013628
1991-03-01,0.012483903484546833,0.8164433757013628
1991-04-01,0.006834071758437648,0.8164433757013628
1991-05-01,0.03547810963161912,0.8164433757013628
1991-06-01,0.042283522586412776,0.8164433757013628
1991-07-01,0.14543626710116442,0.8164433757013628
1991-08-01,0.13079133396362153,0.8164433757013628
1991-09-01,0.11680057255555,0.8164433757013628
1991-10-01,0.14544292956426427,0.8164433757013628
1991-11-01,0.13834191324278852,0.8164433757013628
1991-12-01,0.17085028685201925,0.8164433757013628
1992-01-01,0.10095369738284667,0.8164433757013628
1992-02-01,0.0757428276555571,0.8164433757013628
1992-03-01,0.06714899289792114,0.8164433757013628
1992-04-01,0.06135017953985251,0.8164433757013628
1992-05-01,0.05652655164877858,0.8164433757013628
1992-06-01,0.04812166349508801,0.8164433757013628
1992-07-01,0.0014234604285873623,0.8164433757013628
1992-08-01,0.0344122566265106,0.8164433757013628
1992-09-01,0.0424659221412985,0.8164433757013628
1992-10-01,-0.15669444887697098,0.8164433757013628
1992-11-01,-0.1656923367954565,0.8164433757013628
1992-12-01,-0.15956625580394726,0.8164433757013628
1993-01-01,-0.12622514955914102,0.8164433757013628
1993-02-01,-0.12314362757814962,0.8164433757013628
1993-03-01,-0.09468420316691933,0.8164433757013628
1993-04-01,-0.1892695738923938,0.8164433757013628
1993-05-01,-0.1662840505356577,0.8164433757013628
1993-06-01,-0.13998174513225467,0.8164433757013628
1993-07-01,-0.10177880927656388,0.8164433757013628
1993-08-01,-0.1009920680081524,0.8164433757013628
1993-09-01,-0.0707564040191537,0.8164433757013628
1993-10-01,0.09705676592044528,0.8164433757013628
1993-11-01,0.11028842210162618,0.8164433757013628
1993-12-01,0.12724803666674722,0.8164433757013628
1994-01-01,0.09884039654393907,0.8164433757013628
1994-02-01,0.11813530133296393,0.8164433757013628
1994-03-01,0.1088307819498851,0.8164433757013628
1994-04-01,0.06192890230228454,0.8164433757013628
1994-05-01,0.058943547258294544,0.8164433757013628
1994-06-01,0.04318573320653444,0.8164433757013628
1994-07-01,0.05287047669353095,0.8164433757013628
1994-08-01,0.0859849898951079,0.8164433757013628
1994-09-01,0.11018971243992191,0.8164433757013628
1994-10-01,0.23110493317249425,0.8164433757013628
1994-11-01,0.24446272132813768,0.8164433757013628
1994-12-01,0.26581740324352365,0.8164433757013628
1995-01-01,0.11183313360013071,0.8164433757013628
1995-02-01,0.13059558130728113,0.8164433757013628
1995-03-01,0.19213954400230235,0.9046146799496164
1995-04-01,0.22403981627028763,0.9046146799496164
1995-05-01,0.25352304072180365,0.9046146799496164
1995-06-01,0.278619940206436,0.9046146799496164
1995-07-01,0.3773674180786218,0.9046146799496164
1995-08-01,0.3639969030583026,0.9046146799496164
1995-09-01,0.3642935544022572,0.9046146799496164
1995-10-01,0.32980288683141473,0.9046146799496164
1995-11-01,0.3387893974930523,0.9046146799496164
1995-12-01,0.3460960941710132,0.9046146799496164
1996-01-01,0.4305442447756572,0.9046146799496164
1996-02-01,0.4255026161382086,0.9046146799496164
1996-03-01,0.4110188408704451,0.9046146799496164
1996-04-01,0.42102840888706256,0.9046146799496164
1996-05-01,0.42525956200223813,0.9046146799496164
1996-06-01,0.418710222727719,0.9046146799496164
1996-07-01,0.44626026780972633,0.9046146799496164
1996-08-01,0.4350160234140676,0.9046146799496164
1996-09-01,0.42043400562774935,0.9046146799496164
1996-10-01,0.3582943522074905,0.9046146799496164
1996-11-01,0.37858479787648347,0.9046146799496164
1996-12-01,0.3691745121402835,0.9046146799496164
1997-01-01,0.41447466959470997,0.9046146799496164
1997-02-01,0.41996266805472365,0.9046146799496164
1997-03-01,0.39833697155257025,0.9046146799496164
1997-04-01,0.4682905340381451,0.9046146799496164
1997-05-01,0.4986323902519268,0.9046146799496164
1997-06-01,0.5197864551936285,0.9046146799496164
1997-07-01,0.6718480963325055,0.9046146799496164
1997-08-01,0.679760951171301,0.9046146799496164
1997-09-01,0.6740908542070537,0.9046146799496164
1997-10-01,0.6966569966764897,0.9046146799496164
1997-11-01,0.7079877646462582,0.9046146799496164
1997-12-01,0.7169440844513026,0.9046146799496164
1998-01-01,0.7515183042423335,0.9046146799496164
1998-02-01,0.7704927939734433,0.9046146799496164
1998-03-01,0.7671558860961535,0.9046146799496164
1998-04-01,0.9430455661732987,0.9046146799496164
1998-05-01,0.95736769652622,0.9046146799496164
1998-06-01,0.972861925535241,0.9046146799496164
1998-07-01,1.0573955087722988,0.9046146799496164
1998-08-01,1.067359443067444,0.9046146799496164
1998-09-01,1.0863432077826718,0.9046146799496164
1998-10-01,1.2222308723030322,0.9046146799496164
1998-11-01,1.247879358630981,0.9046146799496164
1998-12-01,1.2696407801097302,0.9046146799496164
1999-01-01,1.0173122277672586,0.9046146799496164
1999-02-01,0.9951222402207734,0.9046146799496164
1999-03-01,0.9675370320297726,0.9046146799496164
1999-04-01,1.2922512235313115,0.9046146799496164
1999-05-01,1.2856039469530305,0.9046146799496164
1999-06-01,1.2691380068687468,1.0
1999-07-01,1.1601765436635925,1.0
1999-08-01,1.1619643641544428,1.0
1999-09-01,1.1475269437235744,1.0
1999-10-01,1.163638709273698,1.0
1999-11-01,1.1800375090607302,1.0
1999-12-01,1.1464189319684632,1.0
2000-01-01,1.1606760951610924,1.0
2000-02-01,1.1490062295222792,1.0
2000-03-01,1.1587823425319812,1.0
2000-04-01,1.1595673943094191,1.0
2000-05-01,1.089897186668934,1.0
2000-06-01,1.1172667377294885,1.0
2000-07-01,0.9773710981751558,1.0
2000-08-01,0.9721776302474338,1.0
2000-09-01,0.9190274710981762,1.0
2000-10-01,0.8901463851568626,1.0
2000-11-01,0.8486030533092187,1.0
2000-12-01,0.8014921653276225,1.0
2001-01-01,0.23685422417554983,1.0
2001-02-01,0.23340482316909386,1.0
2001-03-01,0.16413290133151745,1.0
2001-04-01,0.293361111438706,1.0
2001-05-01,0.33651019451728664,1.0
2001-06-01,0.3487172304681569,1.0
2001-07-01,0.5530825982028001,1.0
2001-08-01,0.5655821418501582,1.0
2001-09-01,0.447862939024233,1.0
2001-10-01,0.5950394046143545,1.0
2001-11-01,0.639821731002046,1.0
2001-12-01,0.6146819318377724,1.0
2002-01-01,0.5179614935376683,1.0
2002-02-01,0.5142934430613846,1.0
2002-03-01,0.524498963107445,1.0
2002-04-01,0.3575222846482854,1.0
2002-05-01,0.35018787258379447,1.0
2002-06-01,0.29925843034120847,1.0
2002-07-01,0.12530734650407496,1.0
2002-08-01,0.1607323736333147,1.0
2002-09-01,0.1283165425712028,1.0
2002-10-01,0.15435181562141512,1.0
2002-11-01,0.21478255724862688,1.0
2002-12-01,0.22175031051447716,1.0
2003-01-01,0.2937850598297859,1.0
2003-02-01,0.26084717145433245,1.0
2003-03-01,0.26890549855175805,1.0
2003-04-01,0.6440361404127598,1.0
2003-05-01,0.6854682705682204,1.0
2003-06-01,0.6906797763915432,1.0
2003-07-01,0.6598173892796202,1.0
2003-08-01,0.6552030110876799,1.0
2003-09-01,0.6640574732346545,1.0
2003-10-01,0.5826806953507356,1.0
2003-11-01,0.5807505543518604,1.0
2003-12-01,0.5898793995961119,1.0
2004-01-01,0.6537074977015157,1.0
2004-02-01,0.6489743872467599,1.0
2004-03-01,0.6395611781772633,1.0
2004-04-01,0.6098575316370273,1.0
2004-05-01,0.5961027693862435,1.0
2004-06-01,0.6153764012612981,1.0
2004-07-01,0.678269421479808,1.0
2004-08-01,0.6642761432698242,1.0
2004-09-01,0.7135169286256391,1.0
2004-10-01,0.9643168701397954,1.0
2004-11-01,1.0002552493037873,1.0
2004-12-01,1.0147920400886354,1.0
2005-01-01,0.9342566069278899,1.0
2005-02-01,0.9501964400404708,1.0
2005-03-01,0.9233311007098998,1.0
2005-04-01,0.9167871909834026,1.0
2005-05-01,0.9099194486781417,1.0
2005-06-01,0.9449465280650446,1.0
2005-07-01,1.0344763202413705,1.0
2005-08-01,1.0247552684546914,1.0
2005-09-01,1.0104523524142481,1.0
2005-10-01,0.8893771394961079,1.0
2005-11-01,0.8944969169707684,1.0
2005-12-01,0.9016316794269273,1.0
2006-01-01,1.0230197660577889,1.0
2006-02-01,1.0189002761593111,1.0
2006-03-01,1.0104575617017877,1.0
2006-04-01,0.9914869028508921,1.0
2006-05-01,0.9609054839684865,1.0
2006-06-01,0.9330905839146598,1.0
2006-07-01,0.9995453522669008,1.0
2006-08-01,1.0170194610019236,1.0
2006-09-01,1.0165178371915544,1.0
2006-10-01,1.0961501013615793,1.0
2006-11-01,1.113369222618558,1.0
2006-12-01,1.113211559671832,1.0
2007-01-01,1.0509216596823852,1.0
2007-02-01,1.0492763937048522,1.0
2007-03-01,1.0105956554378386,1.0
2007-04-01,1.2576466559292652,1.0
2007-05-01,1.255287931991445,1.0
2007-06-01,1.2371630081212368,1.0
2007-07-01,1.1095590639467934,1.0
2007-08-01,1.075626710837535,1.0
2007-09-01,1.1190279089877146,1.0
2007-10-01,1.1141061799887282,1.0
2007-11-01,1.0679226909912458,1.0
2007-12-01,1.1135945445981723,1.0
2008-01-01,1.0072232852666192,1.0
2008-02-01,0.9940046675746922,1.0
2008-03-01,0.9865551791748656,1.0
2008-04-01,0.667858155824104,1.0
2008-05-01,0.7161915614904855,1.0
2008-06-01,0.6822200265772337,1.0
2008-07-01,0.8417778037219097,1.0
2008-08-01,0.8319390435016961,1.0
2008-09-01,0.7123454880486921,1.0
2008-10-01,0.020982122171258426,1.0
2008-11-01,0.02704963387211216,1.0
2008-12-01,0.21546718832423087,1.0
2009-01-01,-0.0025784048434577024,1.0
2009-02-01,0.017480424852506494,1.0
2009-03-01,-0.01917402404948244,1.0
2009-04-01,-0.01234676318246707,1.0
2009-05-01,-0.025090197963124578,1.0
2009-06-01,-0.0311491756962492,1.0
2009-07-01,-0.000957656680804984,1.0
2009-08-01,0.0074740726397370194,1.0
2009-09-01,0.012415786179493625,1.0
2009-10-01,0.4335806195078358,1.0
2009-11-01,0.4557136617419677,1.0
2009-12-01,0.437426186941439,1.0
2010-01-01,0.4570059520150724,1.0
2010-02-01,0.4251383599471864,1.0
2010-03-01,0.4198219260598972,1.0
2010-04-01,0.3065178977375918,1.0
2010-05-01,0.23573199518567287,1.0
2010-06-01,0.23670351036937634,1.0
2010-07-01,0.27435804461136204,1.0
2010-08-01,0.31091135140571385,1.0
2010-09-01,0.3400502687456646,1.0
2010-10-01,0.2869880929346839,1.0
2010-11-01,0.27507011404170106,1.0
2010-12-01,0.2501048604988185,1.0
2011-01-01,0.35384568872915134,1.0
2011-02-01,0.3437499310598578,1.0
2011-03-01,0.3539723717207295,1.0
2011-04-01,0.4300872167504499,1.0
2011-05-01,0.4478240765101908,1.0
2011-06-01,0.4492363552834562,1.0
2011-07-01,0.4316093005046402,1.0
2011-08-01,0.40656311934965605,1.0
2011-09-01,0.4103303706848455,1.0
2011-10-01,0.22133505510313892,1.0
2011-11-01,0.22856202435801237,1.0
2011-12-01,0.2421235756711361,1.0
2012-01-01,0.11732916974191107,1.0
2012-02-01,0.1276280554179647,1.0
2012-03-01,0.12555993387467776,1.0
2012-04-01,0.2301701699357342,1.0
2012-05-01,0.2169250667357331,1.0
2012-06-01,0.2151021985163888,1.0
2012-07-01,0.23681652864428093,1.0
2012-08-01,0.22788052946520956,1.0
2012-09-01,0.2404677274821212,1.0
2012-10-01,0.2657831078976388,1.0
2012-11-01,0.254654425309862,1.0
2012-12-01,0.24316440613342627,1.0
2013-01-01,0.17190307299355756,1.0
2013-02-01,0.15816361926872605,1.0
2013-03-01,0.16995318266353843,1.0
2013-04-01,0.328241580374577,1.0
2013-05-01,0.31518479708027564,1.0
2013-06-01,0.24114032506955868,1.0
2013-07-01,0.22707503281429434,1.0
2013-08-01,0.2196256273965006,1.0
2013-09-01,0.22303592033279324,1.0
2013-10-01,0.22313274188082421,1.0
2013-11-01,0.24158762704440287,1.0
2013-12-01,0.22205941719055886,1.0
2014-01-01,0.3092311872472809,1.0
2014-02-01,0.3181735108433991,1.0
2014-03-01,0.3150924237530452,1.0
2014-04-01,0.26075910646336165,1.0
2014-05-01,0.2813743900267977,1.0
2014-06-01,0.2964148802800684,1.0
2014-07-01,0.3707129280800318,1.0
2014-08-01,0.3625474728313034,1.0
2014-09-01,0.3416640814417424,1.0
2014-10-01,0.3179656155209499,1.0
2014-11-01,0.3519893943551754,1.0
2014-12-01,0.3326163016503777,1.0
2015-01-01,0.37585674926314994,1.0
2015-02-01,0.3980659723648791,1.0
2015-03-01,0.3960572664731577,1.0
2015-04-01,0.36208039330297637,1.0
2015-05-01,0.34791307351677847,1.0
2015-06-01,0.3234807692560442,1.0
2015-07-01,0.36671957632667074,1.0
2015-08-01,0.34518750061518405,1.0
2015-09-01,0.3084462440589394,1.0
2015-10-01,0.274852883979965,1.0
2015-11-01,0.26811481024745776,1.0
2015-12-01,0.24531719795112605,1.0
2016-01-01,0.21908549327286944,1.0
2016-02-01,0.25132258551401215,1.0
2016-03-01,0.31108977698530815,1.0
2016-04-01,0.34718552842017425,1.0
2016-05-01,0.34759943395875953,1.0
2016-06-01,0.339559157620682,1.0
2016-07-01,0.4416955780581369,1.0
2016-08-01,0.4442352891779676,1.0
2016-09-01,0.41698592554813024,1.0
2016-10-01,0.3589351877422992,1.0
2016-11-01,0.31477738459443527,1.0
2016-12-01,0.29969437376384817,1.0
2017-01-01,0.3289683006767561,1.0
2017-02-01,0.3458657761699813,1.0
2017-03-01,0.3630800632995875,1.0
2017-04-01,0.40138285298955384,1.0
2017-05-01,0.41839231338374455,1.0
2017-06-01,0.4238217975765588,1.0
2017-07-01,0.47030327563145896,1.0
2017-08-01,0.463968495636362,1.0
2017-09-01,0.47371836861371436,1.0
2017-10-01,0.563345972795279,1.0
2017-11-01,0.5565787529349449,1.0
2017-12-01,0.5591823303112777,1.0
2018-01-01,0.5653742151988584,1.0
2018-02-01,0.471573767849917,1.0
2018-03-01,0.4787579422344126,1.0
2018-04-01,0.5959395661123208,1.0
2018-05-01,0.6354629568251075,1.0
2018-06-01,0.6706871112409933,1.0
2018-07-01,0.5363234080223136,1.0
2018-08-01,0.5539574997972608,1.0
2018-09-01,0.5554755181820007,1.0
2018-10-01,0.5761345032300224,1.0
2018-11-01,0.5666825208062845,1.0
2018-12-01,0.5260158002070159,1.0
2019-01-01,0.4175695117978321,1.0
2019-02-01,0.4412044711126034,1.0
2019-03-01,0.4468970409380431,1.0
2019-04-01,0.3412542301825787,1.0
2019-05-01,0.3255014723371189,1.0
2019-06-01,0.3441672493635928,1.0
2019-07-01,0.45714900094620464,1.0
2019-08-01,0.44549156020108543,1.0
2019-09-01,0.46927525047484014,1.0
2019-10-01,0.44861812870344747,1.0
2019-11-01,0.4723159093281159,1.0
2019-12-01,0.4693919116425362,1.0
2020-01-01,0.5062276247850007,1.0
2020-02-01,0.5083600185216488,1.0
2020-03-01,0.2673827096406319,1.0
2020-04-01,0.37550776776290357,1.0
2020-05-01,0.49126869876616125,1.0
2020-06-01,0.49313360816148527,1.0
2020-07-01,0.38858320057523565,1.0
2020-08-01,0.4376532761229804,1.0
2020-09-01,0.42111869320310363,1.0
2020-10-01,0.7516830407550769,1.0
2020-11-01,0.7773485240831485,1.0
2020-12-01,0.7904564622214887,1.0
2021-01-01,0.855410712374415,1.0
2021-02-01,0.8380100258331261,1.0
2021-03-01,0.7720807833777376,1.0
2021-04-01,0.9192493052695562,1.0
2021-05-01,0.876765365026505,1.0
2021-06-01,0.8923285605174682,1.0
2021-07-01,0.9806820730526006,1.0
2021-08-01,0.9975860252768667,1.0
2021-09-01,0.9598295990836727,1.0
2021-10-01,0.7926179250645602,1.0
2021-11-01,0.7922260517611914,1.0
2021-12-01,0.7785353307852194,1.0
2022-01-01,0.7063625934288772,1.0
2022-02-01,0.6486311948525709,1.0
2022-03-01,0.6141311238592484,1.0
2022-04-01,0.3618237152038404,1.0
2022-05-01,0.3124893192686923,1.0
2022-06-01,0.3241747577289087,1.0
2022-07-01,0.21288891129025403,1.0
2022-08-01,0.2434452749651196,1.0
2022-09-01,0.15442158202767267,1.0
2022-10-01,-0.0013290925216517043,1.0
2022-11-01,0.04520375952680175,1.0
2022-12-01,0.04367714870526602,1.0
2023-01-01,-0.05905634974610799,1.0
2023-02-01,-0.060768822031085676,1.0
2023-03-01,-0.05857631315475614,1.0
2023-04-01,0.0646257212591662,1.0
2023-05-01,0.11193858004089861,1.0
2023-06-01,0.15403127059598912,1.0
2023-07-01,0.0927985997681167,1.0
2023-08-01,0.023508502936929267,1.0
2023-09-01,-0.008765505931298016,1.0
2023-10-01,0.26081585681103975,1.0
2023-11-01,0.31276330480121384,1.0
2023-12-01,0.3566556469772646,1.0
2024-01-01,0.38379847678086326,1.0
2024-02-01,0.3802671376103953,1.0
2024-03-01,0.3939299831958171,1.0
2024-04-01,0.3335849807383754,1.0
2024-05-01,0.3571865304200685,1.0
2024-06-01,0.3849347176636349,1.0
2024-07-01,0.3999831345672474,1.0
2024-08-01,0.3712380744762939,1.0
2024-09-01,0.3736973824534974,1.0
2024-10-01,0.31550535643963035,1.0
2024-11-01,0.34117374888946894,1.0
2024-12-01,0.33941983474617243,1.0
2025-01-01,0.3773955792888931,1.0
2025-02-01,0.37540498277960516,1.0
2025-03-01,0.3374423324746934,1.0
2025-04-01,0.11325694617922737,1.0
2025-05-01,0.18548766680368747,1.0
2025-06-01,0.20497666640073609,1.0
2025-07-01,0.357411032298391,1.0
2025-08-01,0.3711663617716009,1.0
2025-09-01,0.3879949871908079,1.0
2025-10-01,0.36728045816533383,1.0
2025-11-01,0.5501776291907751,0.9080499255696783
2025-12-01,0.5724912510961808,0.9080499255696783
2026-01-01,0.5008838077957648,0.9080499255696783
2026-02-01,0.5824881386946255,0.4533379136608268
2026-03-01,0.43984126058664214,0.4533379136608268
2026-04-01,0.5406438567640486,0.4533379136608268
2026-05-01,0.8621699208277289,0.365166609412573
2026-06-01,0.8922050927102899,0.365166609412573
2026-07-01,0.9594377913061988,0.26497194549410286
