signe,puissance_A,fausses_alertes_B,nsr,n_krachs_couverts,n_krachs_persistants,n_mois_fenetre,n_mois_calmes,poids_actuel,indicatif,bruite,racine_inv_nsr,plafonne,plancher_applique,poids_final
fragilite,0.2692307692307692,0.06084656084656084,0.22600151171579744,4.0,1.0,52.0,378.0,7.94,True,False,2.10350877437666,True,False,7.9390909090909085
monetaire,0.5076923076923077,0.2094017094017094,0.41245791245791247,5.0,3.0,65.0,468.0,11.3,False,False,1.5570773249644243,False,False,11.315887068411245
survalorisation,0.7362637362637363,0.43190368698269377,0.5866154554541064,7.0,6.0,91.0,1329.0,9.52,False,False,1.3056394067442165,False,False,9.488589835525715
credit,0.6,0.3588516746411483,0.5980861244019139,5.0,3.0,65.0,627.0,9.33,False,False,1.2930583900195691,False,False,9.397158689378138
desequilibres,0.9692307692307692,0.587378640776699,0.6060255817537371,5.0,5.0,65.0,618.0,9.37,False,False,1.2845603758431396,False,False,9.335400312202854
surchauffe,0.38461538461538464,0.27863247863247864,0.7244444444444444,5.0,1.0,65.0,585.0,7.94,True,False,1.1748906749819361,True,False,7.9390909090909085
ponzi,0.6,0.47797716150081565,0.7966286025013595,5.0,3.0,65.0,613.0,8.14,False,False,1.1203972966716218,False,False,8.142363309528635
inegalites,1.0,0.896551724137931,0.896551724137931,3.0,3.0,30.0,203.0,7.7,True,False,1.0561177090573832,False,False,7.67521852321342
reflexivite,0.7076923076923077,0.6615384615384615,0.9347826086956521,5.0,4.0,65.0,585.0,7.51,False,False,1.0342956259505622,False,False,7.516628950251838
prime_risque,0.25609756097560976,0.6013590033975085,2.348163727552176,7.0,2.0,82.0,883.0,4.76,True,True,0.6525830846533163,False,False,4.742575317421119
standards_pret,0.1282051282051282,0.4596774193548387,3.585483870967742,3.0,0.0,39.0,248.0,3.82,True,True,0.5281120943185661,False,False,3.8379961758852157
